ISO-10303-21;
HEADER;
/* Generated by software containing ST-Developer
 * from STEP Tools, Inc. (www.steptools.com) 
 */

FILE_DESCRIPTION(
/* description */ (''),
/* implementation_level */ '2;1');

FILE_NAME(
/* name */ 'EPC - EPC2304.step',
/* time_stamp */ '2026-08-07T05:56:50+01:00',
/* author */ (''),
/* organization */ (''),
/* preprocessor_version */ 'ST-DEVELOPER v20.1',
/* originating_system */ 'Autodesk Translation Framework v15.8.0.0',
/* authorisation */ '');

FILE_SCHEMA (('AUTOMOTIVE_DESIGN { 1 0 10303 214 3 1 1 }'));
ENDSEC;

DATA;
#10=MECHANICAL_DESIGN_GEOMETRIC_PRESENTATION_REPRESENTATION('',(#19,#20,
#21,#22,#23,#24,#25,#26,#27,#28,#29,#30,#31,#32,#33,#34,#35,#36,#37,#38,
#39),#3657);
#11=SHAPE_REPRESENTATION_RELATIONSHIP('SRR','None',#3664,#12);
#12=ADVANCED_BREP_SHAPE_REPRESENTATION('',(#13),#3656);
#13=MANIFOLD_SOLID_BREP('Body1',#2321);
#14=FACE_BOUND('',#262,.T.);
#15=FACE_BOUND('',#264,.T.);
#16=CIRCLE('',#2439,0.190339338906207);
#17=CIRCLE('',#2440,0.190339338906207);
#18=CYLINDRICAL_SURFACE('',#2438,0.190339338906207);
#19=STYLED_ITEM('',(#3675),#2214);
#20=STYLED_ITEM('',(#3675),#2217);
#21=STYLED_ITEM('',(#3675),#2220);
#22=STYLED_ITEM('',(#3675),#2225);
#23=STYLED_ITEM('',(#3675),#2259);
#24=STYLED_ITEM('',(#3675),#2262);
#25=STYLED_ITEM('',(#3675),#2269);
#26=STYLED_ITEM('',(#3675),#2272);
#27=STYLED_ITEM('',(#3675),#2275);
#28=STYLED_ITEM('',(#3675),#2278);
#29=STYLED_ITEM('',(#3675),#2282);
#30=STYLED_ITEM('',(#3675),#2286);
#31=STYLED_ITEM('',(#3675),#2290);
#32=STYLED_ITEM('',(#3675),#2293);
#33=STYLED_ITEM('',(#3675),#2296);
#34=STYLED_ITEM('',(#3675),#2300);
#35=STYLED_ITEM('',(#3675),#2303);
#36=STYLED_ITEM('',(#3675),#2306);
#37=STYLED_ITEM('',(#3676),#2313);
#38=STYLED_ITEM('',(#3675),#2319);
#39=STYLED_ITEM('',(#3674),#13);
#40=FACE_OUTER_BOUND('',#152,.T.);
#41=FACE_OUTER_BOUND('',#153,.T.);
#42=FACE_OUTER_BOUND('',#154,.T.);
#43=FACE_OUTER_BOUND('',#155,.T.);
#44=FACE_OUTER_BOUND('',#156,.T.);
#45=FACE_OUTER_BOUND('',#157,.T.);
#46=FACE_OUTER_BOUND('',#158,.T.);
#47=FACE_OUTER_BOUND('',#159,.T.);
#48=FACE_OUTER_BOUND('',#160,.T.);
#49=FACE_OUTER_BOUND('',#161,.T.);
#50=FACE_OUTER_BOUND('',#162,.T.);
#51=FACE_OUTER_BOUND('',#163,.T.);
#52=FACE_OUTER_BOUND('',#164,.T.);
#53=FACE_OUTER_BOUND('',#165,.T.);
#54=FACE_OUTER_BOUND('',#166,.T.);
#55=FACE_OUTER_BOUND('',#167,.T.);
#56=FACE_OUTER_BOUND('',#168,.T.);
#57=FACE_OUTER_BOUND('',#169,.T.);
#58=FACE_OUTER_BOUND('',#170,.T.);
#59=FACE_OUTER_BOUND('',#171,.T.);
#60=FACE_OUTER_BOUND('',#172,.T.);
#61=FACE_OUTER_BOUND('',#173,.T.);
#62=FACE_OUTER_BOUND('',#174,.T.);
#63=FACE_OUTER_BOUND('',#175,.T.);
#64=FACE_OUTER_BOUND('',#176,.T.);
#65=FACE_OUTER_BOUND('',#177,.T.);
#66=FACE_OUTER_BOUND('',#178,.T.);
#67=FACE_OUTER_BOUND('',#179,.T.);
#68=FACE_OUTER_BOUND('',#180,.T.);
#69=FACE_OUTER_BOUND('',#181,.T.);
#70=FACE_OUTER_BOUND('',#182,.T.);
#71=FACE_OUTER_BOUND('',#183,.T.);
#72=FACE_OUTER_BOUND('',#184,.T.);
#73=FACE_OUTER_BOUND('',#185,.T.);
#74=FACE_OUTER_BOUND('',#186,.T.);
#75=FACE_OUTER_BOUND('',#187,.T.);
#76=FACE_OUTER_BOUND('',#188,.T.);
#77=FACE_OUTER_BOUND('',#189,.T.);
#78=FACE_OUTER_BOUND('',#190,.T.);
#79=FACE_OUTER_BOUND('',#191,.T.);
#80=FACE_OUTER_BOUND('',#192,.T.);
#81=FACE_OUTER_BOUND('',#193,.T.);
#82=FACE_OUTER_BOUND('',#194,.T.);
#83=FACE_OUTER_BOUND('',#195,.T.);
#84=FACE_OUTER_BOUND('',#196,.T.);
#85=FACE_OUTER_BOUND('',#197,.T.);
#86=FACE_OUTER_BOUND('',#198,.T.);
#87=FACE_OUTER_BOUND('',#199,.T.);
#88=FACE_OUTER_BOUND('',#200,.T.);
#89=FACE_OUTER_BOUND('',#201,.T.);
#90=FACE_OUTER_BOUND('',#202,.T.);
#91=FACE_OUTER_BOUND('',#203,.T.);
#92=FACE_OUTER_BOUND('',#204,.T.);
#93=FACE_OUTER_BOUND('',#205,.T.);
#94=FACE_OUTER_BOUND('',#206,.T.);
#95=FACE_OUTER_BOUND('',#207,.T.);
#96=FACE_OUTER_BOUND('',#208,.T.);
#97=FACE_OUTER_BOUND('',#209,.T.);
#98=FACE_OUTER_BOUND('',#210,.T.);
#99=FACE_OUTER_BOUND('',#211,.T.);
#100=FACE_OUTER_BOUND('',#212,.T.);
#101=FACE_OUTER_BOUND('',#213,.T.);
#102=FACE_OUTER_BOUND('',#214,.T.);
#103=FACE_OUTER_BOUND('',#215,.T.);
#104=FACE_OUTER_BOUND('',#216,.T.);
#105=FACE_OUTER_BOUND('',#217,.T.);
#106=FACE_OUTER_BOUND('',#218,.T.);
#107=FACE_OUTER_BOUND('',#219,.T.);
#108=FACE_OUTER_BOUND('',#220,.T.);
#109=FACE_OUTER_BOUND('',#221,.T.);
#110=FACE_OUTER_BOUND('',#222,.T.);
#111=FACE_OUTER_BOUND('',#223,.T.);
#112=FACE_OUTER_BOUND('',#224,.T.);
#113=FACE_OUTER_BOUND('',#225,.T.);
#114=FACE_OUTER_BOUND('',#226,.T.);
#115=FACE_OUTER_BOUND('',#227,.T.);
#116=FACE_OUTER_BOUND('',#228,.T.);
#117=FACE_OUTER_BOUND('',#229,.T.);
#118=FACE_OUTER_BOUND('',#230,.T.);
#119=FACE_OUTER_BOUND('',#231,.T.);
#120=FACE_OUTER_BOUND('',#232,.T.);
#121=FACE_OUTER_BOUND('',#233,.T.);
#122=FACE_OUTER_BOUND('',#234,.T.);
#123=FACE_OUTER_BOUND('',#235,.T.);
#124=FACE_OUTER_BOUND('',#236,.T.);
#125=FACE_OUTER_BOUND('',#237,.T.);
#126=FACE_OUTER_BOUND('',#238,.T.);
#127=FACE_OUTER_BOUND('',#239,.T.);
#128=FACE_OUTER_BOUND('',#240,.T.);
#129=FACE_OUTER_BOUND('',#241,.T.);
#130=FACE_OUTER_BOUND('',#242,.T.);
#131=FACE_OUTER_BOUND('',#243,.T.);
#132=FACE_OUTER_BOUND('',#244,.T.);
#133=FACE_OUTER_BOUND('',#245,.T.);
#134=FACE_OUTER_BOUND('',#246,.T.);
#135=FACE_OUTER_BOUND('',#247,.T.);
#136=FACE_OUTER_BOUND('',#248,.T.);
#137=FACE_OUTER_BOUND('',#249,.T.);
#138=FACE_OUTER_BOUND('',#250,.T.);
#139=FACE_OUTER_BOUND('',#251,.T.);
#140=FACE_OUTER_BOUND('',#252,.T.);
#141=FACE_OUTER_BOUND('',#253,.T.);
#142=FACE_OUTER_BOUND('',#254,.T.);
#143=FACE_OUTER_BOUND('',#255,.T.);
#144=FACE_OUTER_BOUND('',#256,.T.);
#145=FACE_OUTER_BOUND('',#257,.T.);
#146=FACE_OUTER_BOUND('',#258,.T.);
#147=FACE_OUTER_BOUND('',#259,.T.);
#148=FACE_OUTER_BOUND('',#260,.T.);
#149=FACE_OUTER_BOUND('',#261,.T.);
#150=FACE_OUTER_BOUND('',#263,.T.);
#151=FACE_OUTER_BOUND('',#265,.T.);
#152=EDGE_LOOP('',(#1450,#1451,#1452,#1453));
#153=EDGE_LOOP('',(#1454,#1455,#1456,#1457,#1458,#1459,#1460,#1461,#1462));
#154=EDGE_LOOP('',(#1463,#1464,#1465,#1466));
#155=EDGE_LOOP('',(#1467,#1468,#1469,#1470));
#156=EDGE_LOOP('',(#1471,#1472,#1473,#1474));
#157=EDGE_LOOP('',(#1475,#1476,#1477,#1478,#1479,#1480,#1481,#1482,#1483,
#1484,#1485,#1486,#1487,#1488,#1489,#1490,#1491,#1492,#1493,#1494,#1495,
#1496,#1497,#1498,#1499,#1500,#1501,#1502));
#158=EDGE_LOOP('',(#1503,#1504,#1505,#1506));
#159=EDGE_LOOP('',(#1507,#1508,#1509,#1510));
#160=EDGE_LOOP('',(#1511,#1512,#1513,#1514,#1515,#1516,#1517,#1518,#1519,
#1520,#1521,#1522,#1523,#1524,#1525,#1526,#1527,#1528,#1529,#1530));
#161=EDGE_LOOP('',(#1531,#1532,#1533,#1534));
#162=EDGE_LOOP('',(#1535,#1536,#1537,#1538));
#163=EDGE_LOOP('',(#1539,#1540,#1541,#1542,#1543,#1544,#1545,#1546,#1547,
#1548,#1549,#1550,#1551,#1552,#1553,#1554,#1555,#1556,#1557,#1558,#1559,
#1560,#1561,#1562,#1563,#1564,#1565,#1566));
#164=EDGE_LOOP('',(#1567,#1568,#1569,#1570));
#165=EDGE_LOOP('',(#1571,#1572,#1573,#1574));
#166=EDGE_LOOP('',(#1575,#1576,#1577,#1578));
#167=EDGE_LOOP('',(#1579,#1580,#1581,#1582));
#168=EDGE_LOOP('',(#1583,#1584,#1585,#1586,#1587,#1588,#1589,#1590,#1591,
#1592,#1593,#1594,#1595,#1596,#1597,#1598,#1599,#1600,#1601,#1602));
#169=EDGE_LOOP('',(#1603,#1604,#1605,#1606));
#170=EDGE_LOOP('',(#1607,#1608,#1609,#1610));
#171=EDGE_LOOP('',(#1611,#1612,#1613,#1614));
#172=EDGE_LOOP('',(#1615,#1616,#1617,#1618));
#173=EDGE_LOOP('',(#1619,#1620,#1621,#1622));
#174=EDGE_LOOP('',(#1623,#1624,#1625,#1626));
#175=EDGE_LOOP('',(#1627,#1628,#1629,#1630));
#176=EDGE_LOOP('',(#1631,#1632,#1633,#1634));
#177=EDGE_LOOP('',(#1635,#1636,#1637,#1638));
#178=EDGE_LOOP('',(#1639,#1640,#1641,#1642));
#179=EDGE_LOOP('',(#1643,#1644,#1645,#1646));
#180=EDGE_LOOP('',(#1647,#1648,#1649,#1650));
#181=EDGE_LOOP('',(#1651,#1652,#1653,#1654));
#182=EDGE_LOOP('',(#1655,#1656,#1657,#1658));
#183=EDGE_LOOP('',(#1659,#1660,#1661,#1662));
#184=EDGE_LOOP('',(#1663,#1664,#1665,#1666));
#185=EDGE_LOOP('',(#1667,#1668,#1669,#1670));
#186=EDGE_LOOP('',(#1671,#1672,#1673,#1674));
#187=EDGE_LOOP('',(#1675,#1676,#1677,#1678));
#188=EDGE_LOOP('',(#1679,#1680,#1681,#1682));
#189=EDGE_LOOP('',(#1683,#1684,#1685,#1686));
#190=EDGE_LOOP('',(#1687,#1688,#1689,#1690));
#191=EDGE_LOOP('',(#1691,#1692,#1693,#1694));
#192=EDGE_LOOP('',(#1695,#1696,#1697,#1698));
#193=EDGE_LOOP('',(#1699,#1700,#1701,#1702));
#194=EDGE_LOOP('',(#1703,#1704,#1705,#1706));
#195=EDGE_LOOP('',(#1707,#1708,#1709,#1710));
#196=EDGE_LOOP('',(#1711,#1712,#1713,#1714));
#197=EDGE_LOOP('',(#1715,#1716,#1717,#1718));
#198=EDGE_LOOP('',(#1719,#1720,#1721,#1722));
#199=EDGE_LOOP('',(#1723,#1724,#1725,#1726,#1727,#1728));
#200=EDGE_LOOP('',(#1729,#1730,#1731,#1732));
#201=EDGE_LOOP('',(#1733,#1734,#1735,#1736,#1737,#1738));
#202=EDGE_LOOP('',(#1739,#1740,#1741,#1742));
#203=EDGE_LOOP('',(#1743,#1744,#1745,#1746,#1747,#1748));
#204=EDGE_LOOP('',(#1749,#1750,#1751,#1752,#1753,#1754));
#205=EDGE_LOOP('',(#1755,#1756,#1757,#1758));
#206=EDGE_LOOP('',(#1759,#1760,#1761,#1762,#1763,#1764,#1765,#1766));
#207=EDGE_LOOP('',(#1767,#1768,#1769,#1770,#1771,#1772));
#208=EDGE_LOOP('',(#1773,#1774,#1775,#1776,#1777,#1778));
#209=EDGE_LOOP('',(#1779,#1780,#1781,#1782,#1783,#1784));
#210=EDGE_LOOP('',(#1785,#1786,#1787,#1788));
#211=EDGE_LOOP('',(#1789,#1790,#1791,#1792,#1793,#1794));
#212=EDGE_LOOP('',(#1795,#1796,#1797,#1798,#1799,#1800,#1801,#1802,#1803,
#1804,#1805));
#213=EDGE_LOOP('',(#1806,#1807,#1808,#1809,#1810,#1811,#1812,#1813));
#214=EDGE_LOOP('',(#1814,#1815,#1816,#1817,#1818,#1819,#1820,#1821));
#215=EDGE_LOOP('',(#1822,#1823,#1824,#1825));
#216=EDGE_LOOP('',(#1826,#1827,#1828,#1829,#1830,#1831));
#217=EDGE_LOOP('',(#1832,#1833,#1834,#1835,#1836,#1837));
#218=EDGE_LOOP('',(#1838,#1839,#1840,#1841));
#219=EDGE_LOOP('',(#1842,#1843,#1844,#1845,#1846,#1847,#1848,#1849));
#220=EDGE_LOOP('',(#1850,#1851,#1852,#1853,#1854,#1855,#1856,#1857));
#221=EDGE_LOOP('',(#1858,#1859,#1860,#1861));
#222=EDGE_LOOP('',(#1862,#1863,#1864,#1865,#1866,#1867));
#223=EDGE_LOOP('',(#1868,#1869,#1870,#1871));
#224=EDGE_LOOP('',(#1872,#1873,#1874,#1875,#1876,#1877));
#225=EDGE_LOOP('',(#1878,#1879,#1880,#1881));
#226=EDGE_LOOP('',(#1882,#1883,#1884,#1885,#1886,#1887));
#227=EDGE_LOOP('',(#1888,#1889,#1890,#1891));
#228=EDGE_LOOP('',(#1892,#1893,#1894,#1895,#1896,#1897));
#229=EDGE_LOOP('',(#1898,#1899,#1900,#1901));
#230=EDGE_LOOP('',(#1902,#1903,#1904,#1905,#1906,#1907));
#231=EDGE_LOOP('',(#1908,#1909,#1910,#1911));
#232=EDGE_LOOP('',(#1912,#1913,#1914,#1915,#1916,#1917));
#233=EDGE_LOOP('',(#1918,#1919,#1920,#1921));
#234=EDGE_LOOP('',(#1922,#1923,#1924,#1925,#1926,#1927,#1928,#1929));
#235=EDGE_LOOP('',(#1930,#1931,#1932,#1933,#1934,#1935,#1936,#1937));
#236=EDGE_LOOP('',(#1938,#1939,#1940,#1941));
#237=EDGE_LOOP('',(#1942,#1943,#1944,#1945,#1946,#1947,#1948,#1949));
#238=EDGE_LOOP('',(#1950,#1951,#1952,#1953,#1954,#1955,#1956,#1957));
#239=EDGE_LOOP('',(#1958,#1959,#1960,#1961));
#240=EDGE_LOOP('',(#1962,#1963,#1964,#1965,#1966,#1967));
#241=EDGE_LOOP('',(#1968,#1969,#1970,#1971));
#242=EDGE_LOOP('',(#1972,#1973,#1974,#1975,#1976,#1977));
#243=EDGE_LOOP('',(#1978,#1979,#1980,#1981));
#244=EDGE_LOOP('',(#1982,#1983,#1984,#1985,#1986,#1987));
#245=EDGE_LOOP('',(#1988,#1989,#1990,#1991,#1992,#1993));
#246=EDGE_LOOP('',(#1994,#1995,#1996,#1997));
#247=EDGE_LOOP('',(#1998,#1999,#2000,#2001,#2002,#2003));
#248=EDGE_LOOP('',(#2004,#2005,#2006,#2007,#2008,#2009));
#249=EDGE_LOOP('',(#2010,#2011,#2012,#2013));
#250=EDGE_LOOP('',(#2014,#2015,#2016,#2017));
#251=EDGE_LOOP('',(#2018,#2019,#2020,#2021));
#252=EDGE_LOOP('',(#2022,#2023,#2024,#2025));
#253=EDGE_LOOP('',(#2026,#2027,#2028,#2029));
#254=EDGE_LOOP('',(#2030,#2031,#2032,#2033,#2034,#2035,#2036,#2037,#2038,
#2039,#2040,#2041,#2042,#2043));
#255=EDGE_LOOP('',(#2044,#2045,#2046,#2047));
#256=EDGE_LOOP('',(#2048));
#257=EDGE_LOOP('',(#2049,#2050,#2051,#2052));
#258=EDGE_LOOP('',(#2053,#2054,#2055,#2056));
#259=EDGE_LOOP('',(#2057,#2058,#2059,#2060));
#260=EDGE_LOOP('',(#2061,#2062,#2063,#2064));
#261=EDGE_LOOP('',(#2065,#2066,#2067,#2068));
#262=EDGE_LOOP('',(#2069));
#263=EDGE_LOOP('',(#2070,#2071,#2072,#2073));
#264=EDGE_LOOP('',(#2074,#2075,#2076,#2077));
#265=EDGE_LOOP('',(#2078,#2079,#2080,#2081,#2082,#2083,#2084,#2085,#2086,
#2087,#2088,#2089,#2090,#2091,#2092,#2093,#2094,#2095,#2096,#2097));
#266=LINE('',#3005,#588);
#267=LINE('',#3007,#589);
#268=LINE('',#3009,#590);
#269=LINE('',#3010,#591);
#270=LINE('',#3013,#592);
#271=LINE('',#3015,#593);
#272=LINE('',#3017,#594);
#273=LINE('',#3019,#595);
#274=LINE('',#3021,#596);
#275=LINE('',#3023,#597);
#276=LINE('',#3025,#598);
#277=LINE('',#3026,#599);
#278=LINE('',#3029,#600);
#279=LINE('',#3030,#601);
#280=LINE('',#3034,#602);
#281=LINE('',#3036,#603);
#282=LINE('',#3038,#604);
#283=LINE('',#3039,#605);
#284=LINE('',#3042,#606);
#285=LINE('',#3044,#607);
#286=LINE('',#3045,#608);
#287=LINE('',#3048,#609);
#288=LINE('',#3050,#610);
#289=LINE('',#3052,#611);
#290=LINE('',#3054,#612);
#291=LINE('',#3056,#613);
#292=LINE('',#3058,#614);
#293=LINE('',#3060,#615);
#294=LINE('',#3062,#616);
#295=LINE('',#3064,#617);
#296=LINE('',#3066,#618);
#297=LINE('',#3068,#619);
#298=LINE('',#3070,#620);
#299=LINE('',#3072,#621);
#300=LINE('',#3074,#622);
#301=LINE('',#3076,#623);
#302=LINE('',#3078,#624);
#303=LINE('',#3080,#625);
#304=LINE('',#3082,#626);
#305=LINE('',#3084,#627);
#306=LINE('',#3086,#628);
#307=LINE('',#3088,#629);
#308=LINE('',#3090,#630);
#309=LINE('',#3092,#631);
#310=LINE('',#3094,#632);
#311=LINE('',#3096,#633);
#312=LINE('',#3098,#634);
#313=LINE('',#3099,#635);
#314=LINE('',#3103,#636);
#315=LINE('',#3105,#637);
#316=LINE('',#3107,#638);
#317=LINE('',#3108,#639);
#318=LINE('',#3111,#640);
#319=LINE('',#3113,#641);
#320=LINE('',#3114,#642);
#321=LINE('',#3117,#643);
#322=LINE('',#3119,#644);
#323=LINE('',#3121,#645);
#324=LINE('',#3123,#646);
#325=LINE('',#3125,#647);
#326=LINE('',#3127,#648);
#327=LINE('',#3128,#649);
#328=LINE('',#3130,#650);
#329=LINE('',#3132,#651);
#330=LINE('',#3134,#652);
#331=LINE('',#3136,#653);
#332=LINE('',#3138,#654);
#333=LINE('',#3140,#655);
#334=LINE('',#3142,#656);
#335=LINE('',#3144,#657);
#336=LINE('',#3146,#658);
#337=LINE('',#3148,#659);
#338=LINE('',#3149,#660);
#339=LINE('',#3153,#661);
#340=LINE('',#3155,#662);
#341=LINE('',#3157,#663);
#342=LINE('',#3158,#664);
#343=LINE('',#3161,#665);
#344=LINE('',#3163,#666);
#345=LINE('',#3164,#667);
#346=LINE('',#3167,#668);
#347=LINE('',#3169,#669);
#348=LINE('',#3171,#670);
#349=LINE('',#3173,#671);
#350=LINE('',#3175,#672);
#351=LINE('',#3177,#673);
#352=LINE('',#3178,#674);
#353=LINE('',#3180,#675);
#354=LINE('',#3182,#676);
#355=LINE('',#3184,#677);
#356=LINE('',#3186,#678);
#357=LINE('',#3188,#679);
#358=LINE('',#3190,#680);
#359=LINE('',#3192,#681);
#360=LINE('',#3194,#682);
#361=LINE('',#3196,#683);
#362=LINE('',#3198,#684);
#363=LINE('',#3200,#685);
#364=LINE('',#3202,#686);
#365=LINE('',#3204,#687);
#366=LINE('',#3206,#688);
#367=LINE('',#3208,#689);
#368=LINE('',#3210,#690);
#369=LINE('',#3212,#691);
#370=LINE('',#3214,#692);
#371=LINE('',#3215,#693);
#372=LINE('',#3219,#694);
#373=LINE('',#3221,#695);
#374=LINE('',#3223,#696);
#375=LINE('',#3224,#697);
#376=LINE('',#3226,#698);
#377=LINE('',#3227,#699);
#378=LINE('',#3231,#700);
#379=LINE('',#3233,#701);
#380=LINE('',#3235,#702);
#381=LINE('',#3236,#703);
#382=LINE('',#3239,#704);
#383=LINE('',#3241,#705);
#384=LINE('',#3242,#706);
#385=LINE('',#3245,#707);
#386=LINE('',#3247,#708);
#387=LINE('',#3249,#709);
#388=LINE('',#3251,#710);
#389=LINE('',#3253,#711);
#390=LINE('',#3255,#712);
#391=LINE('',#3257,#713);
#392=LINE('',#3259,#714);
#393=LINE('',#3261,#715);
#394=LINE('',#3263,#716);
#395=LINE('',#3265,#717);
#396=LINE('',#3267,#718);
#397=LINE('',#3269,#719);
#398=LINE('',#3271,#720);
#399=LINE('',#3272,#721);
#400=LINE('',#3273,#722);
#401=LINE('',#3274,#723);
#402=LINE('',#3278,#724);
#403=LINE('',#3280,#725);
#404=LINE('',#3282,#726);
#405=LINE('',#3283,#727);
#406=LINE('',#3285,#728);
#407=LINE('',#3286,#729);
#408=LINE('',#3290,#730);
#409=LINE('',#3292,#731);
#410=LINE('',#3294,#732);
#411=LINE('',#3295,#733);
#412=LINE('',#3297,#734);
#413=LINE('',#3298,#735);
#414=LINE('',#3302,#736);
#415=LINE('',#3304,#737);
#416=LINE('',#3306,#738);
#417=LINE('',#3307,#739);
#418=LINE('',#3309,#740);
#419=LINE('',#3310,#741);
#420=LINE('',#3313,#742);
#421=LINE('',#3315,#743);
#422=LINE('',#3316,#744);
#423=LINE('',#3318,#745);
#424=LINE('',#3319,#746);
#425=LINE('',#3323,#747);
#426=LINE('',#3325,#748);
#427=LINE('',#3327,#749);
#428=LINE('',#3328,#750);
#429=LINE('',#3330,#751);
#430=LINE('',#3331,#752);
#431=LINE('',#3335,#753);
#432=LINE('',#3337,#754);
#433=LINE('',#3339,#755);
#434=LINE('',#3340,#756);
#435=LINE('',#3342,#757);
#436=LINE('',#3343,#758);
#437=LINE('',#3347,#759);
#438=LINE('',#3349,#760);
#439=LINE('',#3351,#761);
#440=LINE('',#3352,#762);
#441=LINE('',#3354,#763);
#442=LINE('',#3355,#764);
#443=LINE('',#3359,#765);
#444=LINE('',#3361,#766);
#445=LINE('',#3363,#767);
#446=LINE('',#3364,#768);
#447=LINE('',#3366,#769);
#448=LINE('',#3367,#770);
#449=LINE('',#3371,#771);
#450=LINE('',#3373,#772);
#451=LINE('',#3375,#773);
#452=LINE('',#3376,#774);
#453=LINE('',#3378,#775);
#454=LINE('',#3379,#776);
#455=LINE('',#3383,#777);
#456=LINE('',#3385,#778);
#457=LINE('',#3387,#779);
#458=LINE('',#3388,#780);
#459=LINE('',#3390,#781);
#460=LINE('',#3391,#782);
#461=LINE('',#3395,#783);
#462=LINE('',#3397,#784);
#463=LINE('',#3399,#785);
#464=LINE('',#3400,#786);
#465=LINE('',#3402,#787);
#466=LINE('',#3403,#788);
#467=LINE('',#3407,#789);
#468=LINE('',#3409,#790);
#469=LINE('',#3411,#791);
#470=LINE('',#3412,#792);
#471=LINE('',#3414,#793);
#472=LINE('',#3415,#794);
#473=LINE('',#3419,#795);
#474=LINE('',#3421,#796);
#475=LINE('',#3423,#797);
#476=LINE('',#3424,#798);
#477=LINE('',#3426,#799);
#478=LINE('',#3427,#800);
#479=LINE('',#3430,#801);
#480=LINE('',#3432,#802);
#481=LINE('',#3433,#803);
#482=LINE('',#3435,#804);
#483=LINE('',#3436,#805);
#484=LINE('',#3440,#806);
#485=LINE('',#3442,#807);
#486=LINE('',#3444,#808);
#487=LINE('',#3445,#809);
#488=LINE('',#3447,#810);
#489=LINE('',#3448,#811);
#490=LINE('',#3451,#812);
#491=LINE('',#3453,#813);
#492=LINE('',#3454,#814);
#493=LINE('',#3457,#815);
#494=LINE('',#3459,#816);
#495=LINE('',#3460,#817);
#496=LINE('',#3462,#818);
#497=LINE('',#3463,#819);
#498=LINE('',#3467,#820);
#499=LINE('',#3469,#821);
#500=LINE('',#3470,#822);
#501=LINE('',#3472,#823);
#502=LINE('',#3473,#824);
#503=LINE('',#3476,#825);
#504=LINE('',#3477,#826);
#505=LINE('',#3480,#827);
#506=LINE('',#3482,#828);
#507=LINE('',#3483,#829);
#508=LINE('',#3485,#830);
#509=LINE('',#3486,#831);
#510=LINE('',#3489,#832);
#511=LINE('',#3490,#833);
#512=LINE('',#3492,#834);
#513=LINE('',#3494,#835);
#514=LINE('',#3497,#836);
#515=LINE('',#3498,#837);
#516=LINE('',#3500,#838);
#517=LINE('',#3501,#839);
#518=LINE('',#3505,#840);
#519=LINE('',#3506,#841);
#520=LINE('',#3508,#842);
#521=LINE('',#3511,#843);
#522=LINE('',#3512,#844);
#523=LINE('',#3514,#845);
#524=LINE('',#3515,#846);
#525=LINE('',#3519,#847);
#526=LINE('',#3521,#848);
#527=LINE('',#3522,#849);
#528=LINE('',#3525,#850);
#529=LINE('',#3527,#851);
#530=LINE('',#3528,#852);
#531=LINE('',#3530,#853);
#532=LINE('',#3531,#854);
#533=LINE('',#3535,#855);
#534=LINE('',#3537,#856);
#535=LINE('',#3538,#857);
#536=LINE('',#3541,#858);
#537=LINE('',#3543,#859);
#538=LINE('',#3544,#860);
#539=LINE('',#3546,#861);
#540=LINE('',#3547,#862);
#541=LINE('',#3551,#863);
#542=LINE('',#3553,#864);
#543=LINE('',#3554,#865);
#544=LINE('',#3557,#866);
#545=LINE('',#3559,#867);
#546=LINE('',#3560,#868);
#547=LINE('',#3562,#869);
#548=LINE('',#3563,#870);
#549=LINE('',#3566,#871);
#550=LINE('',#3567,#872);
#551=LINE('',#3569,#873);
#552=LINE('',#3570,#874);
#553=LINE('',#3573,#875);
#554=LINE('',#3574,#876);
#555=LINE('',#3576,#877);
#556=LINE('',#3577,#878);
#557=LINE('',#3581,#879);
#558=LINE('',#3583,#880);
#559=LINE('',#3584,#881);
#560=LINE('',#3587,#882);
#561=LINE('',#3589,#883);
#562=LINE('',#3590,#884);
#563=LINE('',#3592,#885);
#564=LINE('',#3593,#886);
#565=LINE('',#3597,#887);
#566=LINE('',#3599,#888);
#567=LINE('',#3600,#889);
#568=LINE('',#3602,#890);
#569=LINE('',#3603,#891);
#570=LINE('',#3607,#892);
#571=LINE('',#3609,#893);
#572=LINE('',#3610,#894);
#573=LINE('',#3612,#895);
#574=LINE('',#3613,#896);
#575=LINE('',#3624,#897);
#576=LINE('',#3630,#898);
#577=LINE('',#3632,#899);
#578=LINE('',#3634,#900);
#579=LINE('',#3635,#901);
#580=LINE('',#3638,#902);
#581=LINE('',#3640,#903);
#582=LINE('',#3641,#904);
#583=LINE('',#3644,#905);
#584=LINE('',#3646,#906);
#585=LINE('',#3647,#907);
#586=LINE('',#3649,#908);
#587=LINE('',#3650,#909);
#588=VECTOR('',#2453,10.);
#589=VECTOR('',#2454,10.);
#590=VECTOR('',#2455,10.);
#591=VECTOR('',#2456,10.);
#592=VECTOR('',#2459,10.);
#593=VECTOR('',#2460,10.);
#594=VECTOR('',#2461,10.);
#595=VECTOR('',#2462,10.);
#596=VECTOR('',#2463,10.);
#597=VECTOR('',#2464,10.);
#598=VECTOR('',#2465,10.);
#599=VECTOR('',#2466,10.);
#600=VECTOR('',#2469,10.);
#601=VECTOR('',#2470,10.);
#602=VECTOR('',#2473,10.);
#603=VECTOR('',#2474,10.);
#604=VECTOR('',#2475,10.);
#605=VECTOR('',#2476,10.);
#606=VECTOR('',#2479,10.);
#607=VECTOR('',#2480,10.);
#608=VECTOR('',#2481,10.);
#609=VECTOR('',#2484,10.);
#610=VECTOR('',#2485,10.);
#611=VECTOR('',#2486,10.);
#612=VECTOR('',#2487,10.);
#613=VECTOR('',#2488,10.);
#614=VECTOR('',#2489,10.);
#615=VECTOR('',#2490,10.);
#616=VECTOR('',#2491,10.);
#617=VECTOR('',#2492,10.);
#618=VECTOR('',#2493,10.);
#619=VECTOR('',#2494,10.);
#620=VECTOR('',#2495,10.);
#621=VECTOR('',#2496,10.);
#622=VECTOR('',#2497,10.);
#623=VECTOR('',#2498,10.);
#624=VECTOR('',#2499,10.);
#625=VECTOR('',#2500,10.);
#626=VECTOR('',#2501,10.);
#627=VECTOR('',#2502,10.);
#628=VECTOR('',#2503,10.);
#629=VECTOR('',#2504,10.);
#630=VECTOR('',#2505,10.);
#631=VECTOR('',#2506,10.);
#632=VECTOR('',#2507,10.);
#633=VECTOR('',#2508,10.);
#634=VECTOR('',#2509,10.);
#635=VECTOR('',#2510,10.);
#636=VECTOR('',#2513,10.);
#637=VECTOR('',#2514,10.);
#638=VECTOR('',#2515,10.);
#639=VECTOR('',#2516,10.);
#640=VECTOR('',#2519,10.);
#641=VECTOR('',#2520,10.);
#642=VECTOR('',#2521,10.);
#643=VECTOR('',#2524,10.);
#644=VECTOR('',#2525,10.);
#645=VECTOR('',#2526,10.);
#646=VECTOR('',#2527,10.);
#647=VECTOR('',#2528,10.);
#648=VECTOR('',#2529,10.);
#649=VECTOR('',#2530,10.);
#650=VECTOR('',#2531,10.);
#651=VECTOR('',#2532,10.);
#652=VECTOR('',#2533,10.);
#653=VECTOR('',#2534,10.);
#654=VECTOR('',#2535,10.);
#655=VECTOR('',#2536,10.);
#656=VECTOR('',#2537,10.);
#657=VECTOR('',#2538,10.);
#658=VECTOR('',#2539,10.);
#659=VECTOR('',#2540,10.);
#660=VECTOR('',#2541,10.);
#661=VECTOR('',#2544,10.);
#662=VECTOR('',#2545,10.);
#663=VECTOR('',#2546,10.);
#664=VECTOR('',#2547,10.);
#665=VECTOR('',#2550,10.);
#666=VECTOR('',#2551,10.);
#667=VECTOR('',#2552,10.);
#668=VECTOR('',#2555,10.);
#669=VECTOR('',#2556,10.);
#670=VECTOR('',#2557,10.);
#671=VECTOR('',#2558,10.);
#672=VECTOR('',#2559,10.);
#673=VECTOR('',#2560,10.);
#674=VECTOR('',#2561,10.);
#675=VECTOR('',#2562,10.);
#676=VECTOR('',#2563,10.);
#677=VECTOR('',#2564,10.);
#678=VECTOR('',#2565,10.);
#679=VECTOR('',#2566,10.);
#680=VECTOR('',#2567,10.);
#681=VECTOR('',#2568,10.);
#682=VECTOR('',#2569,10.);
#683=VECTOR('',#2570,10.);
#684=VECTOR('',#2571,10.);
#685=VECTOR('',#2572,10.);
#686=VECTOR('',#2573,10.);
#687=VECTOR('',#2574,10.);
#688=VECTOR('',#2575,10.);
#689=VECTOR('',#2576,10.);
#690=VECTOR('',#2577,10.);
#691=VECTOR('',#2578,10.);
#692=VECTOR('',#2579,10.);
#693=VECTOR('',#2580,10.);
#694=VECTOR('',#2583,10.);
#695=VECTOR('',#2584,10.);
#696=VECTOR('',#2585,10.);
#697=VECTOR('',#2586,10.);
#698=VECTOR('',#2589,10.);
#699=VECTOR('',#2590,10.);
#700=VECTOR('',#2593,10.);
#701=VECTOR('',#2594,10.);
#702=VECTOR('',#2595,10.);
#703=VECTOR('',#2596,10.);
#704=VECTOR('',#2599,10.);
#705=VECTOR('',#2600,10.);
#706=VECTOR('',#2601,10.);
#707=VECTOR('',#2604,10.);
#708=VECTOR('',#2605,10.);
#709=VECTOR('',#2606,10.);
#710=VECTOR('',#2607,10.);
#711=VECTOR('',#2608,10.);
#712=VECTOR('',#2609,10.);
#713=VECTOR('',#2610,10.);
#714=VECTOR('',#2611,10.);
#715=VECTOR('',#2612,10.);
#716=VECTOR('',#2613,10.);
#717=VECTOR('',#2614,10.);
#718=VECTOR('',#2615,10.);
#719=VECTOR('',#2616,10.);
#720=VECTOR('',#2617,10.);
#721=VECTOR('',#2618,10.);
#722=VECTOR('',#2619,10.);
#723=VECTOR('',#2620,10.);
#724=VECTOR('',#2623,10.);
#725=VECTOR('',#2624,10.);
#726=VECTOR('',#2625,10.);
#727=VECTOR('',#2626,10.);
#728=VECTOR('',#2629,10.);
#729=VECTOR('',#2630,10.);
#730=VECTOR('',#2633,10.);
#731=VECTOR('',#2634,10.);
#732=VECTOR('',#2635,10.);
#733=VECTOR('',#2636,10.);
#734=VECTOR('',#2639,10.);
#735=VECTOR('',#2640,10.);
#736=VECTOR('',#2643,10.);
#737=VECTOR('',#2644,10.);
#738=VECTOR('',#2645,10.);
#739=VECTOR('',#2646,10.);
#740=VECTOR('',#2649,10.);
#741=VECTOR('',#2650,10.);
#742=VECTOR('',#2653,10.);
#743=VECTOR('',#2654,10.);
#744=VECTOR('',#2655,10.);
#745=VECTOR('',#2658,10.);
#746=VECTOR('',#2659,10.);
#747=VECTOR('',#2662,10.);
#748=VECTOR('',#2663,10.);
#749=VECTOR('',#2664,10.);
#750=VECTOR('',#2665,10.);
#751=VECTOR('',#2668,10.);
#752=VECTOR('',#2669,10.);
#753=VECTOR('',#2672,10.);
#754=VECTOR('',#2673,10.);
#755=VECTOR('',#2674,10.);
#756=VECTOR('',#2675,10.);
#757=VECTOR('',#2678,10.);
#758=VECTOR('',#2679,10.);
#759=VECTOR('',#2682,10.);
#760=VECTOR('',#2683,10.);
#761=VECTOR('',#2684,10.);
#762=VECTOR('',#2685,10.);
#763=VECTOR('',#2688,10.);
#764=VECTOR('',#2689,10.);
#765=VECTOR('',#2692,10.);
#766=VECTOR('',#2693,10.);
#767=VECTOR('',#2694,10.);
#768=VECTOR('',#2695,10.);
#769=VECTOR('',#2698,10.);
#770=VECTOR('',#2699,10.);
#771=VECTOR('',#2702,10.);
#772=VECTOR('',#2703,10.);
#773=VECTOR('',#2704,10.);
#774=VECTOR('',#2705,10.);
#775=VECTOR('',#2708,10.);
#776=VECTOR('',#2709,10.);
#777=VECTOR('',#2712,10.);
#778=VECTOR('',#2713,10.);
#779=VECTOR('',#2714,10.);
#780=VECTOR('',#2715,10.);
#781=VECTOR('',#2718,10.);
#782=VECTOR('',#2719,10.);
#783=VECTOR('',#2722,10.);
#784=VECTOR('',#2723,10.);
#785=VECTOR('',#2724,10.);
#786=VECTOR('',#2725,10.);
#787=VECTOR('',#2728,10.);
#788=VECTOR('',#2729,10.);
#789=VECTOR('',#2732,10.);
#790=VECTOR('',#2733,10.);
#791=VECTOR('',#2734,10.);
#792=VECTOR('',#2735,10.);
#793=VECTOR('',#2738,10.);
#794=VECTOR('',#2739,10.);
#795=VECTOR('',#2742,10.);
#796=VECTOR('',#2743,10.);
#797=VECTOR('',#2744,10.);
#798=VECTOR('',#2745,10.);
#799=VECTOR('',#2748,10.);
#800=VECTOR('',#2749,10.);
#801=VECTOR('',#2752,10.);
#802=VECTOR('',#2753,10.);
#803=VECTOR('',#2754,10.);
#804=VECTOR('',#2757,10.);
#805=VECTOR('',#2758,10.);
#806=VECTOR('',#2761,10.);
#807=VECTOR('',#2762,10.);
#808=VECTOR('',#2763,10.);
#809=VECTOR('',#2764,10.);
#810=VECTOR('',#2767,10.);
#811=VECTOR('',#2768,10.);
#812=VECTOR('',#2771,10.);
#813=VECTOR('',#2772,10.);
#814=VECTOR('',#2773,10.);
#815=VECTOR('',#2776,10.);
#816=VECTOR('',#2777,10.);
#817=VECTOR('',#2778,10.);
#818=VECTOR('',#2781,10.);
#819=VECTOR('',#2782,10.);
#820=VECTOR('',#2787,10.);
#821=VECTOR('',#2788,10.);
#822=VECTOR('',#2789,10.);
#823=VECTOR('',#2792,10.);
#824=VECTOR('',#2793,10.);
#825=VECTOR('',#2798,10.);
#826=VECTOR('',#2799,10.);
#827=VECTOR('',#2802,10.);
#828=VECTOR('',#2803,10.);
#829=VECTOR('',#2804,10.);
#830=VECTOR('',#2807,10.);
#831=VECTOR('',#2808,10.);
#832=VECTOR('',#2811,10.);
#833=VECTOR('',#2812,10.);
#834=VECTOR('',#2815,10.);
#835=VECTOR('',#2818,10.);
#836=VECTOR('',#2823,10.);
#837=VECTOR('',#2824,10.);
#838=VECTOR('',#2827,10.);
#839=VECTOR('',#2828,10.);
#840=VECTOR('',#2833,10.);
#841=VECTOR('',#2834,10.);
#842=VECTOR('',#2837,10.);
#843=VECTOR('',#2842,10.);
#844=VECTOR('',#2843,10.);
#845=VECTOR('',#2846,10.);
#846=VECTOR('',#2847,10.);
#847=VECTOR('',#2852,10.);
#848=VECTOR('',#2853,10.);
#849=VECTOR('',#2854,10.);
#850=VECTOR('',#2857,10.);
#851=VECTOR('',#2858,10.);
#852=VECTOR('',#2859,10.);
#853=VECTOR('',#2862,10.);
#854=VECTOR('',#2863,10.);
#855=VECTOR('',#2868,10.);
#856=VECTOR('',#2869,10.);
#857=VECTOR('',#2870,10.);
#858=VECTOR('',#2873,10.);
#859=VECTOR('',#2874,10.);
#860=VECTOR('',#2875,10.);
#861=VECTOR('',#2878,10.);
#862=VECTOR('',#2879,10.);
#863=VECTOR('',#2884,10.);
#864=VECTOR('',#2885,10.);
#865=VECTOR('',#2886,10.);
#866=VECTOR('',#2889,10.);
#867=VECTOR('',#2890,10.);
#868=VECTOR('',#2891,10.);
#869=VECTOR('',#2894,10.);
#870=VECTOR('',#2895,10.);
#871=VECTOR('',#2900,10.);
#872=VECTOR('',#2901,10.);
#873=VECTOR('',#2904,10.);
#874=VECTOR('',#2905,10.);
#875=VECTOR('',#2910,10.);
#876=VECTOR('',#2911,10.);
#877=VECTOR('',#2914,10.);
#878=VECTOR('',#2915,10.);
#879=VECTOR('',#2920,10.);
#880=VECTOR('',#2921,10.);
#881=VECTOR('',#2922,10.);
#882=VECTOR('',#2925,10.);
#883=VECTOR('',#2926,10.);
#884=VECTOR('',#2927,10.);
#885=VECTOR('',#2930,10.);
#886=VECTOR('',#2931,10.);
#887=VECTOR('',#2936,10.);
#888=VECTOR('',#2937,10.);
#889=VECTOR('',#2938,10.);
#890=VECTOR('',#2941,10.);
#891=VECTOR('',#2942,10.);
#892=VECTOR('',#2947,10.);
#893=VECTOR('',#2948,10.);
#894=VECTOR('',#2949,10.);
#895=VECTOR('',#2952,10.);
#896=VECTOR('',#2953,10.);
#897=VECTOR('',#2970,0.190339338906207);
#898=VECTOR('',#2977,10.);
#899=VECTOR('',#2978,10.);
#900=VECTOR('',#2979,10.);
#901=VECTOR('',#2980,10.);
#902=VECTOR('',#2983,10.);
#903=VECTOR('',#2984,10.);
#904=VECTOR('',#2985,10.);
#905=VECTOR('',#2988,10.);
#906=VECTOR('',#2989,10.);
#907=VECTOR('',#2990,10.);
#908=VECTOR('',#2993,10.);
#909=VECTOR('',#2994,10.);
#910=VERTEX_POINT('',#3003);
#911=VERTEX_POINT('',#3004);
#912=VERTEX_POINT('',#3006);
#913=VERTEX_POINT('',#3008);
#914=VERTEX_POINT('',#3012);
#915=VERTEX_POINT('',#3014);
#916=VERTEX_POINT('',#3016);
#917=VERTEX_POINT('',#3018);
#918=VERTEX_POINT('',#3020);
#919=VERTEX_POINT('',#3022);
#920=VERTEX_POINT('',#3024);
#921=VERTEX_POINT('',#3028);
#922=VERTEX_POINT('',#3032);
#923=VERTEX_POINT('',#3033);
#924=VERTEX_POINT('',#3035);
#925=VERTEX_POINT('',#3037);
#926=VERTEX_POINT('',#3041);
#927=VERTEX_POINT('',#3043);
#928=VERTEX_POINT('',#3047);
#929=VERTEX_POINT('',#3049);
#930=VERTEX_POINT('',#3051);
#931=VERTEX_POINT('',#3053);
#932=VERTEX_POINT('',#3055);
#933=VERTEX_POINT('',#3057);
#934=VERTEX_POINT('',#3059);
#935=VERTEX_POINT('',#3061);
#936=VERTEX_POINT('',#3063);
#937=VERTEX_POINT('',#3065);
#938=VERTEX_POINT('',#3067);
#939=VERTEX_POINT('',#3069);
#940=VERTEX_POINT('',#3071);
#941=VERTEX_POINT('',#3073);
#942=VERTEX_POINT('',#3075);
#943=VERTEX_POINT('',#3077);
#944=VERTEX_POINT('',#3079);
#945=VERTEX_POINT('',#3081);
#946=VERTEX_POINT('',#3083);
#947=VERTEX_POINT('',#3085);
#948=VERTEX_POINT('',#3087);
#949=VERTEX_POINT('',#3089);
#950=VERTEX_POINT('',#3091);
#951=VERTEX_POINT('',#3093);
#952=VERTEX_POINT('',#3095);
#953=VERTEX_POINT('',#3097);
#954=VERTEX_POINT('',#3101);
#955=VERTEX_POINT('',#3102);
#956=VERTEX_POINT('',#3104);
#957=VERTEX_POINT('',#3106);
#958=VERTEX_POINT('',#3110);
#959=VERTEX_POINT('',#3112);
#960=VERTEX_POINT('',#3116);
#961=VERTEX_POINT('',#3118);
#962=VERTEX_POINT('',#3120);
#963=VERTEX_POINT('',#3122);
#964=VERTEX_POINT('',#3124);
#965=VERTEX_POINT('',#3126);
#966=VERTEX_POINT('',#3129);
#967=VERTEX_POINT('',#3131);
#968=VERTEX_POINT('',#3133);
#969=VERTEX_POINT('',#3135);
#970=VERTEX_POINT('',#3137);
#971=VERTEX_POINT('',#3139);
#972=VERTEX_POINT('',#3141);
#973=VERTEX_POINT('',#3143);
#974=VERTEX_POINT('',#3145);
#975=VERTEX_POINT('',#3147);
#976=VERTEX_POINT('',#3151);
#977=VERTEX_POINT('',#3152);
#978=VERTEX_POINT('',#3154);
#979=VERTEX_POINT('',#3156);
#980=VERTEX_POINT('',#3160);
#981=VERTEX_POINT('',#3162);
#982=VERTEX_POINT('',#3166);
#983=VERTEX_POINT('',#3168);
#984=VERTEX_POINT('',#3170);
#985=VERTEX_POINT('',#3172);
#986=VERTEX_POINT('',#3174);
#987=VERTEX_POINT('',#3176);
#988=VERTEX_POINT('',#3179);
#989=VERTEX_POINT('',#3181);
#990=VERTEX_POINT('',#3183);
#991=VERTEX_POINT('',#3185);
#992=VERTEX_POINT('',#3187);
#993=VERTEX_POINT('',#3189);
#994=VERTEX_POINT('',#3191);
#995=VERTEX_POINT('',#3193);
#996=VERTEX_POINT('',#3195);
#997=VERTEX_POINT('',#3197);
#998=VERTEX_POINT('',#3199);
#999=VERTEX_POINT('',#3201);
#1000=VERTEX_POINT('',#3203);
#1001=VERTEX_POINT('',#3205);
#1002=VERTEX_POINT('',#3207);
#1003=VERTEX_POINT('',#3209);
#1004=VERTEX_POINT('',#3211);
#1005=VERTEX_POINT('',#3213);
#1006=VERTEX_POINT('',#3217);
#1007=VERTEX_POINT('',#3218);
#1008=VERTEX_POINT('',#3220);
#1009=VERTEX_POINT('',#3222);
#1010=VERTEX_POINT('',#3229);
#1011=VERTEX_POINT('',#3230);
#1012=VERTEX_POINT('',#3232);
#1013=VERTEX_POINT('',#3234);
#1014=VERTEX_POINT('',#3238);
#1015=VERTEX_POINT('',#3240);
#1016=VERTEX_POINT('',#3244);
#1017=VERTEX_POINT('',#3246);
#1018=VERTEX_POINT('',#3248);
#1019=VERTEX_POINT('',#3250);
#1020=VERTEX_POINT('',#3252);
#1021=VERTEX_POINT('',#3254);
#1022=VERTEX_POINT('',#3256);
#1023=VERTEX_POINT('',#3258);
#1024=VERTEX_POINT('',#3260);
#1025=VERTEX_POINT('',#3262);
#1026=VERTEX_POINT('',#3264);
#1027=VERTEX_POINT('',#3266);
#1028=VERTEX_POINT('',#3268);
#1029=VERTEX_POINT('',#3270);
#1030=VERTEX_POINT('',#3276);
#1031=VERTEX_POINT('',#3277);
#1032=VERTEX_POINT('',#3279);
#1033=VERTEX_POINT('',#3281);
#1034=VERTEX_POINT('',#3288);
#1035=VERTEX_POINT('',#3289);
#1036=VERTEX_POINT('',#3291);
#1037=VERTEX_POINT('',#3293);
#1038=VERTEX_POINT('',#3300);
#1039=VERTEX_POINT('',#3301);
#1040=VERTEX_POINT('',#3303);
#1041=VERTEX_POINT('',#3305);
#1042=VERTEX_POINT('',#3312);
#1043=VERTEX_POINT('',#3314);
#1044=VERTEX_POINT('',#3321);
#1045=VERTEX_POINT('',#3322);
#1046=VERTEX_POINT('',#3324);
#1047=VERTEX_POINT('',#3326);
#1048=VERTEX_POINT('',#3333);
#1049=VERTEX_POINT('',#3334);
#1050=VERTEX_POINT('',#3336);
#1051=VERTEX_POINT('',#3338);
#1052=VERTEX_POINT('',#3345);
#1053=VERTEX_POINT('',#3346);
#1054=VERTEX_POINT('',#3348);
#1055=VERTEX_POINT('',#3350);
#1056=VERTEX_POINT('',#3357);
#1057=VERTEX_POINT('',#3358);
#1058=VERTEX_POINT('',#3360);
#1059=VERTEX_POINT('',#3362);
#1060=VERTEX_POINT('',#3369);
#1061=VERTEX_POINT('',#3370);
#1062=VERTEX_POINT('',#3372);
#1063=VERTEX_POINT('',#3374);
#1064=VERTEX_POINT('',#3381);
#1065=VERTEX_POINT('',#3382);
#1066=VERTEX_POINT('',#3384);
#1067=VERTEX_POINT('',#3386);
#1068=VERTEX_POINT('',#3393);
#1069=VERTEX_POINT('',#3394);
#1070=VERTEX_POINT('',#3396);
#1071=VERTEX_POINT('',#3398);
#1072=VERTEX_POINT('',#3405);
#1073=VERTEX_POINT('',#3406);
#1074=VERTEX_POINT('',#3408);
#1075=VERTEX_POINT('',#3410);
#1076=VERTEX_POINT('',#3417);
#1077=VERTEX_POINT('',#3418);
#1078=VERTEX_POINT('',#3420);
#1079=VERTEX_POINT('',#3422);
#1080=VERTEX_POINT('',#3429);
#1081=VERTEX_POINT('',#3431);
#1082=VERTEX_POINT('',#3438);
#1083=VERTEX_POINT('',#3439);
#1084=VERTEX_POINT('',#3441);
#1085=VERTEX_POINT('',#3443);
#1086=VERTEX_POINT('',#3450);
#1087=VERTEX_POINT('',#3452);
#1088=VERTEX_POINT('',#3456);
#1089=VERTEX_POINT('',#3458);
#1090=VERTEX_POINT('',#3466);
#1091=VERTEX_POINT('',#3468);
#1092=VERTEX_POINT('',#3479);
#1093=VERTEX_POINT('',#3481);
#1094=VERTEX_POINT('',#3488);
#1095=VERTEX_POINT('',#3504);
#1096=VERTEX_POINT('',#3518);
#1097=VERTEX_POINT('',#3520);
#1098=VERTEX_POINT('',#3524);
#1099=VERTEX_POINT('',#3526);
#1100=VERTEX_POINT('',#3534);
#1101=VERTEX_POINT('',#3536);
#1102=VERTEX_POINT('',#3540);
#1103=VERTEX_POINT('',#3542);
#1104=VERTEX_POINT('',#3550);
#1105=VERTEX_POINT('',#3552);
#1106=VERTEX_POINT('',#3556);
#1107=VERTEX_POINT('',#3558);
#1108=VERTEX_POINT('',#3580);
#1109=VERTEX_POINT('',#3582);
#1110=VERTEX_POINT('',#3586);
#1111=VERTEX_POINT('',#3588);
#1112=VERTEX_POINT('',#3596);
#1113=VERTEX_POINT('',#3598);
#1114=VERTEX_POINT('',#3606);
#1115=VERTEX_POINT('',#3608);
#1116=VERTEX_POINT('',#3621);
#1117=VERTEX_POINT('',#3623);
#1118=VERTEX_POINT('',#3628);
#1119=VERTEX_POINT('',#3629);
#1120=VERTEX_POINT('',#3631);
#1121=VERTEX_POINT('',#3633);
#1122=VERTEX_POINT('',#3637);
#1123=VERTEX_POINT('',#3639);
#1124=VERTEX_POINT('',#3643);
#1125=VERTEX_POINT('',#3645);
#1126=EDGE_CURVE('',#910,#911,#266,.T.);
#1127=EDGE_CURVE('',#911,#912,#267,.T.);
#1128=EDGE_CURVE('',#912,#913,#268,.F.);
#1129=EDGE_CURVE('',#913,#910,#269,.T.);
#1130=EDGE_CURVE('',#910,#914,#270,.T.);
#1131=EDGE_CURVE('',#914,#915,#271,.T.);
#1132=EDGE_CURVE('',#915,#916,#272,.T.);
#1133=EDGE_CURVE('',#916,#917,#273,.T.);
#1134=EDGE_CURVE('',#917,#918,#274,.T.);
#1135=EDGE_CURVE('',#918,#919,#275,.T.);
#1136=EDGE_CURVE('',#919,#920,#276,.T.);
#1137=EDGE_CURVE('',#920,#911,#277,.T.);
#1138=EDGE_CURVE('',#913,#921,#278,.T.);
#1139=EDGE_CURVE('',#914,#921,#279,.T.);
#1140=EDGE_CURVE('',#922,#923,#280,.T.);
#1141=EDGE_CURVE('',#923,#924,#281,.T.);
#1142=EDGE_CURVE('',#925,#924,#282,.T.);
#1143=EDGE_CURVE('',#922,#925,#283,.T.);
#1144=EDGE_CURVE('',#924,#926,#284,.T.);
#1145=EDGE_CURVE('',#927,#926,#285,.T.);
#1146=EDGE_CURVE('',#927,#925,#286,.T.);
#1147=EDGE_CURVE('',#928,#927,#287,.T.);
#1148=EDGE_CURVE('',#926,#929,#288,.T.);
#1149=EDGE_CURVE('',#929,#930,#289,.T.);
#1150=EDGE_CURVE('',#930,#931,#290,.T.);
#1151=EDGE_CURVE('',#931,#932,#291,.T.);
#1152=EDGE_CURVE('',#932,#933,#292,.T.);
#1153=EDGE_CURVE('',#933,#934,#293,.T.);
#1154=EDGE_CURVE('',#934,#935,#294,.T.);
#1155=EDGE_CURVE('',#935,#936,#295,.T.);
#1156=EDGE_CURVE('',#936,#937,#296,.T.);
#1157=EDGE_CURVE('',#937,#938,#297,.T.);
#1158=EDGE_CURVE('',#938,#939,#298,.T.);
#1159=EDGE_CURVE('',#939,#940,#299,.T.);
#1160=EDGE_CURVE('',#940,#941,#300,.T.);
#1161=EDGE_CURVE('',#941,#942,#301,.T.);
#1162=EDGE_CURVE('',#942,#943,#302,.T.);
#1163=EDGE_CURVE('',#944,#943,#303,.T.);
#1164=EDGE_CURVE('',#945,#944,#304,.T.);
#1165=EDGE_CURVE('',#945,#946,#305,.T.);
#1166=EDGE_CURVE('',#946,#947,#306,.T.);
#1167=EDGE_CURVE('',#947,#948,#307,.T.);
#1168=EDGE_CURVE('',#948,#949,#308,.T.);
#1169=EDGE_CURVE('',#949,#950,#309,.T.);
#1170=EDGE_CURVE('',#950,#951,#310,.T.);
#1171=EDGE_CURVE('',#951,#952,#311,.T.);
#1172=EDGE_CURVE('',#952,#953,#312,.T.);
#1173=EDGE_CURVE('',#953,#928,#313,.T.);
#1174=EDGE_CURVE('',#954,#955,#314,.T.);
#1175=EDGE_CURVE('',#954,#956,#315,.T.);
#1176=EDGE_CURVE('',#957,#956,#316,.T.);
#1177=EDGE_CURVE('',#955,#957,#317,.T.);
#1178=EDGE_CURVE('',#956,#958,#318,.T.);
#1179=EDGE_CURVE('',#959,#958,#319,.T.);
#1180=EDGE_CURVE('',#959,#957,#320,.T.);
#1181=EDGE_CURVE('',#960,#959,#321,.T.);
#1182=EDGE_CURVE('',#958,#961,#322,.T.);
#1183=EDGE_CURVE('',#961,#962,#323,.T.);
#1184=EDGE_CURVE('',#962,#963,#324,.T.);
#1185=EDGE_CURVE('',#963,#964,#325,.T.);
#1186=EDGE_CURVE('',#964,#965,#326,.T.);
#1187=EDGE_CURVE('',#965,#945,#327,.T.);
#1188=EDGE_CURVE('',#966,#944,#328,.T.);
#1189=EDGE_CURVE('',#967,#966,#329,.T.);
#1190=EDGE_CURVE('',#967,#968,#330,.T.);
#1191=EDGE_CURVE('',#968,#969,#331,.T.);
#1192=EDGE_CURVE('',#969,#970,#332,.T.);
#1193=EDGE_CURVE('',#970,#971,#333,.T.);
#1194=EDGE_CURVE('',#971,#972,#334,.T.);
#1195=EDGE_CURVE('',#972,#973,#335,.T.);
#1196=EDGE_CURVE('',#973,#974,#336,.T.);
#1197=EDGE_CURVE('',#974,#975,#337,.T.);
#1198=EDGE_CURVE('',#975,#960,#338,.T.);
#1199=EDGE_CURVE('',#976,#977,#339,.T.);
#1200=EDGE_CURVE('',#977,#978,#340,.T.);
#1201=EDGE_CURVE('',#979,#978,#341,.T.);
#1202=EDGE_CURVE('',#976,#979,#342,.T.);
#1203=EDGE_CURVE('',#978,#980,#343,.T.);
#1204=EDGE_CURVE('',#981,#980,#344,.T.);
#1205=EDGE_CURVE('',#981,#979,#345,.T.);
#1206=EDGE_CURVE('',#982,#981,#346,.T.);
#1207=EDGE_CURVE('',#980,#983,#347,.T.);
#1208=EDGE_CURVE('',#983,#984,#348,.T.);
#1209=EDGE_CURVE('',#984,#985,#349,.T.);
#1210=EDGE_CURVE('',#985,#986,#350,.T.);
#1211=EDGE_CURVE('',#986,#987,#351,.T.);
#1212=EDGE_CURVE('',#987,#967,#352,.T.);
#1213=EDGE_CURVE('',#988,#966,#353,.T.);
#1214=EDGE_CURVE('',#989,#988,#354,.T.);
#1215=EDGE_CURVE('',#989,#990,#355,.T.);
#1216=EDGE_CURVE('',#990,#991,#356,.T.);
#1217=EDGE_CURVE('',#991,#992,#357,.T.);
#1218=EDGE_CURVE('',#992,#993,#358,.T.);
#1219=EDGE_CURVE('',#993,#994,#359,.T.);
#1220=EDGE_CURVE('',#994,#995,#360,.T.);
#1221=EDGE_CURVE('',#995,#996,#361,.T.);
#1222=EDGE_CURVE('',#996,#997,#362,.T.);
#1223=EDGE_CURVE('',#997,#998,#363,.T.);
#1224=EDGE_CURVE('',#998,#999,#364,.T.);
#1225=EDGE_CURVE('',#999,#1000,#365,.T.);
#1226=EDGE_CURVE('',#1000,#1001,#366,.T.);
#1227=EDGE_CURVE('',#1001,#1002,#367,.T.);
#1228=EDGE_CURVE('',#1002,#1003,#368,.T.);
#1229=EDGE_CURVE('',#1003,#1004,#369,.T.);
#1230=EDGE_CURVE('',#1004,#1005,#370,.T.);
#1231=EDGE_CURVE('',#1005,#982,#371,.T.);
#1232=EDGE_CURVE('',#1006,#1007,#372,.T.);
#1233=EDGE_CURVE('',#1007,#1008,#373,.T.);
#1234=EDGE_CURVE('',#1009,#1008,#374,.T.);
#1235=EDGE_CURVE('',#1006,#1009,#375,.T.);
#1236=EDGE_CURVE('',#1008,#992,#376,.T.);
#1237=EDGE_CURVE('',#991,#1009,#377,.T.);
#1238=EDGE_CURVE('',#1010,#1011,#378,.T.);
#1239=EDGE_CURVE('',#1011,#1012,#379,.T.);
#1240=EDGE_CURVE('',#1013,#1012,#380,.T.);
#1241=EDGE_CURVE('',#1010,#1013,#381,.T.);
#1242=EDGE_CURVE('',#1012,#1014,#382,.T.);
#1243=EDGE_CURVE('',#1015,#1014,#383,.T.);
#1244=EDGE_CURVE('',#1015,#1013,#384,.T.);
#1245=EDGE_CURVE('',#1016,#1015,#385,.T.);
#1246=EDGE_CURVE('',#1014,#1017,#386,.T.);
#1247=EDGE_CURVE('',#1017,#1018,#387,.T.);
#1248=EDGE_CURVE('',#1018,#1019,#388,.T.);
#1249=EDGE_CURVE('',#1019,#1020,#389,.T.);
#1250=EDGE_CURVE('',#1020,#1021,#390,.T.);
#1251=EDGE_CURVE('',#1021,#1022,#391,.T.);
#1252=EDGE_CURVE('',#1022,#1023,#392,.T.);
#1253=EDGE_CURVE('',#1023,#1024,#393,.T.);
#1254=EDGE_CURVE('',#1024,#1025,#394,.T.);
#1255=EDGE_CURVE('',#1025,#1026,#395,.T.);
#1256=EDGE_CURVE('',#1026,#1027,#396,.T.);
#1257=EDGE_CURVE('',#1027,#1028,#397,.T.);
#1258=EDGE_CURVE('',#1028,#1029,#398,.T.);
#1259=EDGE_CURVE('',#1029,#989,#399,.T.);
#1260=EDGE_CURVE('',#943,#988,#400,.T.);
#1261=EDGE_CURVE('',#942,#1016,#401,.T.);
#1262=EDGE_CURVE('',#1030,#1031,#402,.T.);
#1263=EDGE_CURVE('',#1031,#1032,#403,.T.);
#1264=EDGE_CURVE('',#1033,#1032,#404,.T.);
#1265=EDGE_CURVE('',#1030,#1033,#405,.T.);
#1266=EDGE_CURVE('',#1032,#1028,#406,.T.);
#1267=EDGE_CURVE('',#1027,#1033,#407,.T.);
#1268=EDGE_CURVE('',#1034,#1035,#408,.T.);
#1269=EDGE_CURVE('',#1035,#1036,#409,.T.);
#1270=EDGE_CURVE('',#1037,#1036,#410,.T.);
#1271=EDGE_CURVE('',#1034,#1037,#411,.T.);
#1272=EDGE_CURVE('',#1036,#940,#412,.T.);
#1273=EDGE_CURVE('',#939,#1037,#413,.T.);
#1274=EDGE_CURVE('',#1038,#1039,#414,.T.);
#1275=EDGE_CURVE('',#1039,#1040,#415,.T.);
#1276=EDGE_CURVE('',#1041,#1040,#416,.T.);
#1277=EDGE_CURVE('',#1038,#1041,#417,.T.);
#1278=EDGE_CURVE('',#995,#1041,#418,.T.);
#1279=EDGE_CURVE('',#1040,#996,#419,.T.);
#1280=EDGE_CURVE('',#919,#1042,#420,.T.);
#1281=EDGE_CURVE('',#1043,#1042,#421,.T.);
#1282=EDGE_CURVE('',#920,#1043,#422,.T.);
#1283=EDGE_CURVE('',#1042,#986,#423,.T.);
#1284=EDGE_CURVE('',#985,#1043,#424,.T.);
#1285=EDGE_CURVE('',#1044,#1045,#425,.T.);
#1286=EDGE_CURVE('',#1044,#1046,#426,.T.);
#1287=EDGE_CURVE('',#1047,#1046,#427,.T.);
#1288=EDGE_CURVE('',#1045,#1047,#428,.T.);
#1289=EDGE_CURVE('',#1046,#964,#429,.T.);
#1290=EDGE_CURVE('',#963,#1047,#430,.T.);
#1291=EDGE_CURVE('',#1048,#1049,#431,.T.);
#1292=EDGE_CURVE('',#1049,#1050,#432,.T.);
#1293=EDGE_CURVE('',#1051,#1050,#433,.T.);
#1294=EDGE_CURVE('',#1048,#1051,#434,.T.);
#1295=EDGE_CURVE('',#951,#1051,#435,.T.);
#1296=EDGE_CURVE('',#1050,#952,#436,.T.);
#1297=EDGE_CURVE('',#1052,#1053,#437,.T.);
#1298=EDGE_CURVE('',#1052,#1054,#438,.T.);
#1299=EDGE_CURVE('',#1055,#1054,#439,.T.);
#1300=EDGE_CURVE('',#1053,#1055,#440,.T.);
#1301=EDGE_CURVE('',#1054,#974,#441,.T.);
#1302=EDGE_CURVE('',#973,#1055,#442,.T.);
#1303=EDGE_CURVE('',#1056,#1057,#443,.T.);
#1304=EDGE_CURVE('',#1057,#1058,#444,.T.);
#1305=EDGE_CURVE('',#1059,#1058,#445,.T.);
#1306=EDGE_CURVE('',#1056,#1059,#446,.T.);
#1307=EDGE_CURVE('',#1003,#1059,#447,.T.);
#1308=EDGE_CURVE('',#1058,#1004,#448,.T.);
#1309=EDGE_CURVE('',#1060,#1061,#449,.T.);
#1310=EDGE_CURVE('',#1061,#1062,#450,.T.);
#1311=EDGE_CURVE('',#1063,#1062,#451,.T.);
#1312=EDGE_CURVE('',#1060,#1063,#452,.T.);
#1313=EDGE_CURVE('',#1062,#932,#453,.T.);
#1314=EDGE_CURVE('',#931,#1063,#454,.T.);
#1315=EDGE_CURVE('',#1064,#1065,#455,.T.);
#1316=EDGE_CURVE('',#1065,#1066,#456,.T.);
#1317=EDGE_CURVE('',#1067,#1066,#457,.T.);
#1318=EDGE_CURVE('',#1064,#1067,#458,.T.);
#1319=EDGE_CURVE('',#1066,#1020,#459,.T.);
#1320=EDGE_CURVE('',#1019,#1067,#460,.T.);
#1321=EDGE_CURVE('',#1068,#1069,#461,.T.);
#1322=EDGE_CURVE('',#1069,#1070,#462,.T.);
#1323=EDGE_CURVE('',#1071,#1070,#463,.T.);
#1324=EDGE_CURVE('',#1068,#1071,#464,.T.);
#1325=EDGE_CURVE('',#1070,#1024,#465,.T.);
#1326=EDGE_CURVE('',#1023,#1071,#466,.T.);
#1327=EDGE_CURVE('',#1072,#1073,#467,.T.);
#1328=EDGE_CURVE('',#1073,#1074,#468,.T.);
#1329=EDGE_CURVE('',#1075,#1074,#469,.T.);
#1330=EDGE_CURVE('',#1072,#1075,#470,.T.);
#1331=EDGE_CURVE('',#1074,#936,#471,.T.);
#1332=EDGE_CURVE('',#935,#1075,#472,.T.);
#1333=EDGE_CURVE('',#1076,#1077,#473,.T.);
#1334=EDGE_CURVE('',#1077,#1078,#474,.T.);
#1335=EDGE_CURVE('',#1079,#1078,#475,.T.);
#1336=EDGE_CURVE('',#1076,#1079,#476,.T.);
#1337=EDGE_CURVE('',#999,#1079,#477,.T.);
#1338=EDGE_CURVE('',#1078,#1000,#478,.T.);
#1339=EDGE_CURVE('',#916,#1080,#479,.T.);
#1340=EDGE_CURVE('',#1081,#1080,#480,.T.);
#1341=EDGE_CURVE('',#917,#1081,#481,.T.);
#1342=EDGE_CURVE('',#1080,#970,#482,.T.);
#1343=EDGE_CURVE('',#969,#1081,#483,.T.);
#1344=EDGE_CURVE('',#1082,#1083,#484,.T.);
#1345=EDGE_CURVE('',#1082,#1084,#485,.T.);
#1346=EDGE_CURVE('',#1085,#1084,#486,.T.);
#1347=EDGE_CURVE('',#1083,#1085,#487,.T.);
#1348=EDGE_CURVE('',#1084,#948,#488,.T.);
#1349=EDGE_CURVE('',#947,#1085,#489,.T.);
#1350=EDGE_CURVE('',#1065,#1086,#490,.T.);
#1351=EDGE_CURVE('',#1086,#1087,#491,.T.);
#1352=EDGE_CURVE('',#1087,#1021,#492,.T.);
#1353=EDGE_CURVE('',#1088,#1086,#493,.T.);
#1354=EDGE_CURVE('',#1088,#1089,#494,.T.);
#1355=EDGE_CURVE('',#1089,#1087,#495,.T.);
#1356=EDGE_CURVE('',#1088,#1068,#496,.T.);
#1357=EDGE_CURVE('',#1022,#1089,#497,.T.);
#1358=EDGE_CURVE('',#1090,#1044,#498,.T.);
#1359=EDGE_CURVE('',#1090,#1091,#499,.T.);
#1360=EDGE_CURVE('',#1091,#965,#500,.T.);
#1361=EDGE_CURVE('',#1083,#1090,#501,.T.);
#1362=EDGE_CURVE('',#946,#1091,#502,.T.);
#1363=EDGE_CURVE('',#977,#1048,#503,.T.);
#1364=EDGE_CURVE('',#950,#983,#504,.T.);
#1365=EDGE_CURVE('',#1092,#1082,#505,.T.);
#1366=EDGE_CURVE('',#1092,#1093,#506,.T.);
#1367=EDGE_CURVE('',#1093,#949,#507,.T.);
#1368=EDGE_CURVE('',#1053,#1092,#508,.T.);
#1369=EDGE_CURVE('',#972,#1093,#509,.T.);
#1370=EDGE_CURVE('',#915,#1094,#510,.T.);
#1371=EDGE_CURVE('',#1094,#971,#511,.T.);
#1372=EDGE_CURVE('',#921,#1094,#512,.T.);
#1373=EDGE_CURVE('',#984,#912,#513,.T.);
#1374=EDGE_CURVE('',#1077,#1060,#514,.T.);
#1375=EDGE_CURVE('',#930,#1001,#515,.T.);
#1376=EDGE_CURVE('',#923,#1056,#516,.T.);
#1377=EDGE_CURVE('',#1002,#929,#517,.T.);
#1378=EDGE_CURVE('',#918,#1095,#518,.T.);
#1379=EDGE_CURVE('',#1095,#987,#519,.T.);
#1380=EDGE_CURVE('',#968,#1095,#520,.T.);
#1381=EDGE_CURVE('',#1007,#1034,#521,.T.);
#1382=EDGE_CURVE('',#938,#993,#522,.T.);
#1383=EDGE_CURVE('',#1073,#1038,#523,.T.);
#1384=EDGE_CURVE('',#994,#937,#524,.T.);
#1385=EDGE_CURVE('',#1096,#1069,#525,.T.);
#1386=EDGE_CURVE('',#1096,#1097,#526,.T.);
#1387=EDGE_CURVE('',#1097,#1025,#527,.T.);
#1388=EDGE_CURVE('',#1098,#1096,#528,.T.);
#1389=EDGE_CURVE('',#1098,#1099,#529,.T.);
#1390=EDGE_CURVE('',#1099,#1097,#530,.T.);
#1391=EDGE_CURVE('',#1030,#1098,#531,.T.);
#1392=EDGE_CURVE('',#1026,#1099,#532,.T.);
#1393=EDGE_CURVE('',#1011,#1100,#533,.T.);
#1394=EDGE_CURVE('',#1100,#1101,#534,.T.);
#1395=EDGE_CURVE('',#1101,#1017,#535,.T.);
#1396=EDGE_CURVE('',#1102,#1100,#536,.T.);
#1397=EDGE_CURVE('',#1102,#1103,#537,.T.);
#1398=EDGE_CURVE('',#1103,#1101,#538,.T.);
#1399=EDGE_CURVE('',#1064,#1102,#539,.T.);
#1400=EDGE_CURVE('',#1018,#1103,#540,.T.);
#1401=EDGE_CURVE('',#1104,#954,#541,.T.);
#1402=EDGE_CURVE('',#1104,#1105,#542,.T.);
#1403=EDGE_CURVE('',#1105,#961,#543,.T.);
#1404=EDGE_CURVE('',#1106,#1104,#544,.T.);
#1405=EDGE_CURVE('',#1106,#1107,#545,.T.);
#1406=EDGE_CURVE('',#1107,#1105,#546,.T.);
#1407=EDGE_CURVE('',#1045,#1106,#547,.T.);
#1408=EDGE_CURVE('',#962,#1107,#548,.T.);
#1409=EDGE_CURVE('',#1039,#1072,#549,.T.);
#1410=EDGE_CURVE('',#934,#997,#550,.T.);
#1411=EDGE_CURVE('',#1061,#1076,#551,.T.);
#1412=EDGE_CURVE('',#998,#933,#552,.T.);
#1413=EDGE_CURVE('',#1057,#922,#553,.T.);
#1414=EDGE_CURVE('',#928,#1005,#554,.T.);
#1415=EDGE_CURVE('',#1049,#976,#555,.T.);
#1416=EDGE_CURVE('',#982,#953,#556,.T.);
#1417=EDGE_CURVE('',#1108,#1052,#557,.T.);
#1418=EDGE_CURVE('',#1108,#1109,#558,.T.);
#1419=EDGE_CURVE('',#1109,#975,#559,.T.);
#1420=EDGE_CURVE('',#1110,#1108,#560,.T.);
#1421=EDGE_CURVE('',#1110,#1111,#561,.T.);
#1422=EDGE_CURVE('',#1111,#1109,#562,.T.);
#1423=EDGE_CURVE('',#955,#1110,#563,.T.);
#1424=EDGE_CURVE('',#960,#1111,#564,.T.);
#1425=EDGE_CURVE('',#1035,#1112,#565,.T.);
#1426=EDGE_CURVE('',#1112,#1113,#566,.T.);
#1427=EDGE_CURVE('',#1113,#941,#567,.T.);
#1428=EDGE_CURVE('',#1010,#1112,#568,.T.);
#1429=EDGE_CURVE('',#1016,#1113,#569,.T.);
#1430=EDGE_CURVE('',#1031,#1114,#570,.T.);
#1431=EDGE_CURVE('',#1114,#1115,#571,.T.);
#1432=EDGE_CURVE('',#1115,#1029,#572,.T.);
#1433=EDGE_CURVE('',#1006,#1114,#573,.T.);
#1434=EDGE_CURVE('',#990,#1115,#574,.T.);
#1435=EDGE_CURVE('',#1116,#1116,#16,.T.);
#1436=EDGE_CURVE('',#1116,#1117,#575,.T.);
#1437=EDGE_CURVE('',#1117,#1117,#17,.T.);
#1438=EDGE_CURVE('',#1118,#1119,#576,.T.);
#1439=EDGE_CURVE('',#1118,#1120,#577,.T.);
#1440=EDGE_CURVE('',#1121,#1120,#578,.T.);
#1441=EDGE_CURVE('',#1119,#1121,#579,.T.);
#1442=EDGE_CURVE('',#1119,#1122,#580,.T.);
#1443=EDGE_CURVE('',#1123,#1121,#581,.T.);
#1444=EDGE_CURVE('',#1122,#1123,#582,.T.);
#1445=EDGE_CURVE('',#1122,#1124,#583,.T.);
#1446=EDGE_CURVE('',#1125,#1123,#584,.T.);
#1447=EDGE_CURVE('',#1124,#1125,#585,.T.);
#1448=EDGE_CURVE('',#1124,#1118,#586,.T.);
#1449=EDGE_CURVE('',#1120,#1125,#587,.T.);
#1450=ORIENTED_EDGE('',*,*,#1126,.T.);
#1451=ORIENTED_EDGE('',*,*,#1127,.T.);
#1452=ORIENTED_EDGE('',*,*,#1128,.T.);
#1453=ORIENTED_EDGE('',*,*,#1129,.T.);
#1454=ORIENTED_EDGE('',*,*,#1126,.F.);
#1455=ORIENTED_EDGE('',*,*,#1130,.T.);
#1456=ORIENTED_EDGE('',*,*,#1131,.T.);
#1457=ORIENTED_EDGE('',*,*,#1132,.T.);
#1458=ORIENTED_EDGE('',*,*,#1133,.T.);
#1459=ORIENTED_EDGE('',*,*,#1134,.T.);
#1460=ORIENTED_EDGE('',*,*,#1135,.T.);
#1461=ORIENTED_EDGE('',*,*,#1136,.T.);
#1462=ORIENTED_EDGE('',*,*,#1137,.T.);
#1463=ORIENTED_EDGE('',*,*,#1129,.F.);
#1464=ORIENTED_EDGE('',*,*,#1138,.T.);
#1465=ORIENTED_EDGE('',*,*,#1139,.F.);
#1466=ORIENTED_EDGE('',*,*,#1130,.F.);
#1467=ORIENTED_EDGE('',*,*,#1140,.T.);
#1468=ORIENTED_EDGE('',*,*,#1141,.T.);
#1469=ORIENTED_EDGE('',*,*,#1142,.F.);
#1470=ORIENTED_EDGE('',*,*,#1143,.F.);
#1471=ORIENTED_EDGE('',*,*,#1142,.T.);
#1472=ORIENTED_EDGE('',*,*,#1144,.T.);
#1473=ORIENTED_EDGE('',*,*,#1145,.F.);
#1474=ORIENTED_EDGE('',*,*,#1146,.T.);
#1475=ORIENTED_EDGE('',*,*,#1147,.T.);
#1476=ORIENTED_EDGE('',*,*,#1145,.T.);
#1477=ORIENTED_EDGE('',*,*,#1148,.T.);
#1478=ORIENTED_EDGE('',*,*,#1149,.T.);
#1479=ORIENTED_EDGE('',*,*,#1150,.T.);
#1480=ORIENTED_EDGE('',*,*,#1151,.T.);
#1481=ORIENTED_EDGE('',*,*,#1152,.T.);
#1482=ORIENTED_EDGE('',*,*,#1153,.T.);
#1483=ORIENTED_EDGE('',*,*,#1154,.T.);
#1484=ORIENTED_EDGE('',*,*,#1155,.T.);
#1485=ORIENTED_EDGE('',*,*,#1156,.T.);
#1486=ORIENTED_EDGE('',*,*,#1157,.T.);
#1487=ORIENTED_EDGE('',*,*,#1158,.T.);
#1488=ORIENTED_EDGE('',*,*,#1159,.T.);
#1489=ORIENTED_EDGE('',*,*,#1160,.T.);
#1490=ORIENTED_EDGE('',*,*,#1161,.T.);
#1491=ORIENTED_EDGE('',*,*,#1162,.T.);
#1492=ORIENTED_EDGE('',*,*,#1163,.F.);
#1493=ORIENTED_EDGE('',*,*,#1164,.F.);
#1494=ORIENTED_EDGE('',*,*,#1165,.T.);
#1495=ORIENTED_EDGE('',*,*,#1166,.T.);
#1496=ORIENTED_EDGE('',*,*,#1167,.T.);
#1497=ORIENTED_EDGE('',*,*,#1168,.T.);
#1498=ORIENTED_EDGE('',*,*,#1169,.T.);
#1499=ORIENTED_EDGE('',*,*,#1170,.T.);
#1500=ORIENTED_EDGE('',*,*,#1171,.T.);
#1501=ORIENTED_EDGE('',*,*,#1172,.T.);
#1502=ORIENTED_EDGE('',*,*,#1173,.T.);
#1503=ORIENTED_EDGE('',*,*,#1174,.F.);
#1504=ORIENTED_EDGE('',*,*,#1175,.T.);
#1505=ORIENTED_EDGE('',*,*,#1176,.F.);
#1506=ORIENTED_EDGE('',*,*,#1177,.F.);
#1507=ORIENTED_EDGE('',*,*,#1178,.T.);
#1508=ORIENTED_EDGE('',*,*,#1179,.F.);
#1509=ORIENTED_EDGE('',*,*,#1180,.T.);
#1510=ORIENTED_EDGE('',*,*,#1176,.T.);
#1511=ORIENTED_EDGE('',*,*,#1181,.T.);
#1512=ORIENTED_EDGE('',*,*,#1179,.T.);
#1513=ORIENTED_EDGE('',*,*,#1182,.T.);
#1514=ORIENTED_EDGE('',*,*,#1183,.T.);
#1515=ORIENTED_EDGE('',*,*,#1184,.T.);
#1516=ORIENTED_EDGE('',*,*,#1185,.T.);
#1517=ORIENTED_EDGE('',*,*,#1186,.T.);
#1518=ORIENTED_EDGE('',*,*,#1187,.T.);
#1519=ORIENTED_EDGE('',*,*,#1164,.T.);
#1520=ORIENTED_EDGE('',*,*,#1188,.F.);
#1521=ORIENTED_EDGE('',*,*,#1189,.F.);
#1522=ORIENTED_EDGE('',*,*,#1190,.T.);
#1523=ORIENTED_EDGE('',*,*,#1191,.T.);
#1524=ORIENTED_EDGE('',*,*,#1192,.T.);
#1525=ORIENTED_EDGE('',*,*,#1193,.T.);
#1526=ORIENTED_EDGE('',*,*,#1194,.T.);
#1527=ORIENTED_EDGE('',*,*,#1195,.T.);
#1528=ORIENTED_EDGE('',*,*,#1196,.T.);
#1529=ORIENTED_EDGE('',*,*,#1197,.T.);
#1530=ORIENTED_EDGE('',*,*,#1198,.T.);
#1531=ORIENTED_EDGE('',*,*,#1199,.T.);
#1532=ORIENTED_EDGE('',*,*,#1200,.T.);
#1533=ORIENTED_EDGE('',*,*,#1201,.F.);
#1534=ORIENTED_EDGE('',*,*,#1202,.F.);
#1535=ORIENTED_EDGE('',*,*,#1201,.T.);
#1536=ORIENTED_EDGE('',*,*,#1203,.T.);
#1537=ORIENTED_EDGE('',*,*,#1204,.F.);
#1538=ORIENTED_EDGE('',*,*,#1205,.T.);
#1539=ORIENTED_EDGE('',*,*,#1206,.T.);
#1540=ORIENTED_EDGE('',*,*,#1204,.T.);
#1541=ORIENTED_EDGE('',*,*,#1207,.T.);
#1542=ORIENTED_EDGE('',*,*,#1208,.T.);
#1543=ORIENTED_EDGE('',*,*,#1209,.T.);
#1544=ORIENTED_EDGE('',*,*,#1210,.T.);
#1545=ORIENTED_EDGE('',*,*,#1211,.T.);
#1546=ORIENTED_EDGE('',*,*,#1212,.T.);
#1547=ORIENTED_EDGE('',*,*,#1189,.T.);
#1548=ORIENTED_EDGE('',*,*,#1213,.F.);
#1549=ORIENTED_EDGE('',*,*,#1214,.F.);
#1550=ORIENTED_EDGE('',*,*,#1215,.T.);
#1551=ORIENTED_EDGE('',*,*,#1216,.T.);
#1552=ORIENTED_EDGE('',*,*,#1217,.T.);
#1553=ORIENTED_EDGE('',*,*,#1218,.T.);
#1554=ORIENTED_EDGE('',*,*,#1219,.T.);
#1555=ORIENTED_EDGE('',*,*,#1220,.T.);
#1556=ORIENTED_EDGE('',*,*,#1221,.T.);
#1557=ORIENTED_EDGE('',*,*,#1222,.T.);
#1558=ORIENTED_EDGE('',*,*,#1223,.T.);
#1559=ORIENTED_EDGE('',*,*,#1224,.T.);
#1560=ORIENTED_EDGE('',*,*,#1225,.T.);
#1561=ORIENTED_EDGE('',*,*,#1226,.T.);
#1562=ORIENTED_EDGE('',*,*,#1227,.T.);
#1563=ORIENTED_EDGE('',*,*,#1228,.T.);
#1564=ORIENTED_EDGE('',*,*,#1229,.T.);
#1565=ORIENTED_EDGE('',*,*,#1230,.T.);
#1566=ORIENTED_EDGE('',*,*,#1231,.T.);
#1567=ORIENTED_EDGE('',*,*,#1232,.T.);
#1568=ORIENTED_EDGE('',*,*,#1233,.T.);
#1569=ORIENTED_EDGE('',*,*,#1234,.F.);
#1570=ORIENTED_EDGE('',*,*,#1235,.F.);
#1571=ORIENTED_EDGE('',*,*,#1234,.T.);
#1572=ORIENTED_EDGE('',*,*,#1236,.T.);
#1573=ORIENTED_EDGE('',*,*,#1217,.F.);
#1574=ORIENTED_EDGE('',*,*,#1237,.T.);
#1575=ORIENTED_EDGE('',*,*,#1238,.T.);
#1576=ORIENTED_EDGE('',*,*,#1239,.T.);
#1577=ORIENTED_EDGE('',*,*,#1240,.F.);
#1578=ORIENTED_EDGE('',*,*,#1241,.F.);
#1579=ORIENTED_EDGE('',*,*,#1240,.T.);
#1580=ORIENTED_EDGE('',*,*,#1242,.T.);
#1581=ORIENTED_EDGE('',*,*,#1243,.F.);
#1582=ORIENTED_EDGE('',*,*,#1244,.T.);
#1583=ORIENTED_EDGE('',*,*,#1245,.T.);
#1584=ORIENTED_EDGE('',*,*,#1243,.T.);
#1585=ORIENTED_EDGE('',*,*,#1246,.T.);
#1586=ORIENTED_EDGE('',*,*,#1247,.T.);
#1587=ORIENTED_EDGE('',*,*,#1248,.T.);
#1588=ORIENTED_EDGE('',*,*,#1249,.T.);
#1589=ORIENTED_EDGE('',*,*,#1250,.T.);
#1590=ORIENTED_EDGE('',*,*,#1251,.T.);
#1591=ORIENTED_EDGE('',*,*,#1252,.T.);
#1592=ORIENTED_EDGE('',*,*,#1253,.T.);
#1593=ORIENTED_EDGE('',*,*,#1254,.T.);
#1594=ORIENTED_EDGE('',*,*,#1255,.T.);
#1595=ORIENTED_EDGE('',*,*,#1256,.T.);
#1596=ORIENTED_EDGE('',*,*,#1257,.T.);
#1597=ORIENTED_EDGE('',*,*,#1258,.T.);
#1598=ORIENTED_EDGE('',*,*,#1259,.T.);
#1599=ORIENTED_EDGE('',*,*,#1214,.T.);
#1600=ORIENTED_EDGE('',*,*,#1260,.F.);
#1601=ORIENTED_EDGE('',*,*,#1162,.F.);
#1602=ORIENTED_EDGE('',*,*,#1261,.T.);
#1603=ORIENTED_EDGE('',*,*,#1262,.T.);
#1604=ORIENTED_EDGE('',*,*,#1263,.T.);
#1605=ORIENTED_EDGE('',*,*,#1264,.F.);
#1606=ORIENTED_EDGE('',*,*,#1265,.F.);
#1607=ORIENTED_EDGE('',*,*,#1266,.T.);
#1608=ORIENTED_EDGE('',*,*,#1257,.F.);
#1609=ORIENTED_EDGE('',*,*,#1267,.T.);
#1610=ORIENTED_EDGE('',*,*,#1264,.T.);
#1611=ORIENTED_EDGE('',*,*,#1268,.T.);
#1612=ORIENTED_EDGE('',*,*,#1269,.T.);
#1613=ORIENTED_EDGE('',*,*,#1270,.F.);
#1614=ORIENTED_EDGE('',*,*,#1271,.F.);
#1615=ORIENTED_EDGE('',*,*,#1272,.T.);
#1616=ORIENTED_EDGE('',*,*,#1159,.F.);
#1617=ORIENTED_EDGE('',*,*,#1273,.T.);
#1618=ORIENTED_EDGE('',*,*,#1270,.T.);
#1619=ORIENTED_EDGE('',*,*,#1274,.T.);
#1620=ORIENTED_EDGE('',*,*,#1275,.T.);
#1621=ORIENTED_EDGE('',*,*,#1276,.F.);
#1622=ORIENTED_EDGE('',*,*,#1277,.F.);
#1623=ORIENTED_EDGE('',*,*,#1278,.T.);
#1624=ORIENTED_EDGE('',*,*,#1276,.T.);
#1625=ORIENTED_EDGE('',*,*,#1279,.T.);
#1626=ORIENTED_EDGE('',*,*,#1221,.F.);
#1627=ORIENTED_EDGE('',*,*,#1136,.F.);
#1628=ORIENTED_EDGE('',*,*,#1280,.T.);
#1629=ORIENTED_EDGE('',*,*,#1281,.F.);
#1630=ORIENTED_EDGE('',*,*,#1282,.F.);
#1631=ORIENTED_EDGE('',*,*,#1283,.T.);
#1632=ORIENTED_EDGE('',*,*,#1210,.F.);
#1633=ORIENTED_EDGE('',*,*,#1284,.T.);
#1634=ORIENTED_EDGE('',*,*,#1281,.T.);
#1635=ORIENTED_EDGE('',*,*,#1285,.F.);
#1636=ORIENTED_EDGE('',*,*,#1286,.T.);
#1637=ORIENTED_EDGE('',*,*,#1287,.F.);
#1638=ORIENTED_EDGE('',*,*,#1288,.F.);
#1639=ORIENTED_EDGE('',*,*,#1289,.T.);
#1640=ORIENTED_EDGE('',*,*,#1185,.F.);
#1641=ORIENTED_EDGE('',*,*,#1290,.T.);
#1642=ORIENTED_EDGE('',*,*,#1287,.T.);
#1643=ORIENTED_EDGE('',*,*,#1291,.T.);
#1644=ORIENTED_EDGE('',*,*,#1292,.T.);
#1645=ORIENTED_EDGE('',*,*,#1293,.F.);
#1646=ORIENTED_EDGE('',*,*,#1294,.F.);
#1647=ORIENTED_EDGE('',*,*,#1295,.T.);
#1648=ORIENTED_EDGE('',*,*,#1293,.T.);
#1649=ORIENTED_EDGE('',*,*,#1296,.T.);
#1650=ORIENTED_EDGE('',*,*,#1171,.F.);
#1651=ORIENTED_EDGE('',*,*,#1297,.F.);
#1652=ORIENTED_EDGE('',*,*,#1298,.T.);
#1653=ORIENTED_EDGE('',*,*,#1299,.F.);
#1654=ORIENTED_EDGE('',*,*,#1300,.F.);
#1655=ORIENTED_EDGE('',*,*,#1301,.T.);
#1656=ORIENTED_EDGE('',*,*,#1196,.F.);
#1657=ORIENTED_EDGE('',*,*,#1302,.T.);
#1658=ORIENTED_EDGE('',*,*,#1299,.T.);
#1659=ORIENTED_EDGE('',*,*,#1303,.T.);
#1660=ORIENTED_EDGE('',*,*,#1304,.T.);
#1661=ORIENTED_EDGE('',*,*,#1305,.F.);
#1662=ORIENTED_EDGE('',*,*,#1306,.F.);
#1663=ORIENTED_EDGE('',*,*,#1307,.T.);
#1664=ORIENTED_EDGE('',*,*,#1305,.T.);
#1665=ORIENTED_EDGE('',*,*,#1308,.T.);
#1666=ORIENTED_EDGE('',*,*,#1229,.F.);
#1667=ORIENTED_EDGE('',*,*,#1309,.T.);
#1668=ORIENTED_EDGE('',*,*,#1310,.T.);
#1669=ORIENTED_EDGE('',*,*,#1311,.F.);
#1670=ORIENTED_EDGE('',*,*,#1312,.F.);
#1671=ORIENTED_EDGE('',*,*,#1311,.T.);
#1672=ORIENTED_EDGE('',*,*,#1313,.T.);
#1673=ORIENTED_EDGE('',*,*,#1151,.F.);
#1674=ORIENTED_EDGE('',*,*,#1314,.T.);
#1675=ORIENTED_EDGE('',*,*,#1315,.T.);
#1676=ORIENTED_EDGE('',*,*,#1316,.T.);
#1677=ORIENTED_EDGE('',*,*,#1317,.F.);
#1678=ORIENTED_EDGE('',*,*,#1318,.F.);
#1679=ORIENTED_EDGE('',*,*,#1319,.T.);
#1680=ORIENTED_EDGE('',*,*,#1249,.F.);
#1681=ORIENTED_EDGE('',*,*,#1320,.T.);
#1682=ORIENTED_EDGE('',*,*,#1317,.T.);
#1683=ORIENTED_EDGE('',*,*,#1321,.T.);
#1684=ORIENTED_EDGE('',*,*,#1322,.T.);
#1685=ORIENTED_EDGE('',*,*,#1323,.F.);
#1686=ORIENTED_EDGE('',*,*,#1324,.F.);
#1687=ORIENTED_EDGE('',*,*,#1325,.T.);
#1688=ORIENTED_EDGE('',*,*,#1253,.F.);
#1689=ORIENTED_EDGE('',*,*,#1326,.T.);
#1690=ORIENTED_EDGE('',*,*,#1323,.T.);
#1691=ORIENTED_EDGE('',*,*,#1327,.T.);
#1692=ORIENTED_EDGE('',*,*,#1328,.T.);
#1693=ORIENTED_EDGE('',*,*,#1329,.F.);
#1694=ORIENTED_EDGE('',*,*,#1330,.F.);
#1695=ORIENTED_EDGE('',*,*,#1329,.T.);
#1696=ORIENTED_EDGE('',*,*,#1331,.T.);
#1697=ORIENTED_EDGE('',*,*,#1155,.F.);
#1698=ORIENTED_EDGE('',*,*,#1332,.T.);
#1699=ORIENTED_EDGE('',*,*,#1333,.T.);
#1700=ORIENTED_EDGE('',*,*,#1334,.T.);
#1701=ORIENTED_EDGE('',*,*,#1335,.F.);
#1702=ORIENTED_EDGE('',*,*,#1336,.F.);
#1703=ORIENTED_EDGE('',*,*,#1337,.T.);
#1704=ORIENTED_EDGE('',*,*,#1335,.T.);
#1705=ORIENTED_EDGE('',*,*,#1338,.T.);
#1706=ORIENTED_EDGE('',*,*,#1225,.F.);
#1707=ORIENTED_EDGE('',*,*,#1133,.F.);
#1708=ORIENTED_EDGE('',*,*,#1339,.T.);
#1709=ORIENTED_EDGE('',*,*,#1340,.F.);
#1710=ORIENTED_EDGE('',*,*,#1341,.F.);
#1711=ORIENTED_EDGE('',*,*,#1342,.T.);
#1712=ORIENTED_EDGE('',*,*,#1192,.F.);
#1713=ORIENTED_EDGE('',*,*,#1343,.T.);
#1714=ORIENTED_EDGE('',*,*,#1340,.T.);
#1715=ORIENTED_EDGE('',*,*,#1344,.F.);
#1716=ORIENTED_EDGE('',*,*,#1345,.T.);
#1717=ORIENTED_EDGE('',*,*,#1346,.F.);
#1718=ORIENTED_EDGE('',*,*,#1347,.F.);
#1719=ORIENTED_EDGE('',*,*,#1346,.T.);
#1720=ORIENTED_EDGE('',*,*,#1348,.T.);
#1721=ORIENTED_EDGE('',*,*,#1167,.F.);
#1722=ORIENTED_EDGE('',*,*,#1349,.T.);
#1723=ORIENTED_EDGE('',*,*,#1350,.T.);
#1724=ORIENTED_EDGE('',*,*,#1351,.T.);
#1725=ORIENTED_EDGE('',*,*,#1352,.T.);
#1726=ORIENTED_EDGE('',*,*,#1250,.F.);
#1727=ORIENTED_EDGE('',*,*,#1319,.F.);
#1728=ORIENTED_EDGE('',*,*,#1316,.F.);
#1729=ORIENTED_EDGE('',*,*,#1353,.F.);
#1730=ORIENTED_EDGE('',*,*,#1354,.T.);
#1731=ORIENTED_EDGE('',*,*,#1355,.T.);
#1732=ORIENTED_EDGE('',*,*,#1351,.F.);
#1733=ORIENTED_EDGE('',*,*,#1356,.T.);
#1734=ORIENTED_EDGE('',*,*,#1324,.T.);
#1735=ORIENTED_EDGE('',*,*,#1326,.F.);
#1736=ORIENTED_EDGE('',*,*,#1252,.F.);
#1737=ORIENTED_EDGE('',*,*,#1357,.T.);
#1738=ORIENTED_EDGE('',*,*,#1354,.F.);
#1739=ORIENTED_EDGE('',*,*,#1251,.F.);
#1740=ORIENTED_EDGE('',*,*,#1352,.F.);
#1741=ORIENTED_EDGE('',*,*,#1355,.F.);
#1742=ORIENTED_EDGE('',*,*,#1357,.F.);
#1743=ORIENTED_EDGE('',*,*,#1358,.F.);
#1744=ORIENTED_EDGE('',*,*,#1359,.T.);
#1745=ORIENTED_EDGE('',*,*,#1360,.T.);
#1746=ORIENTED_EDGE('',*,*,#1186,.F.);
#1747=ORIENTED_EDGE('',*,*,#1289,.F.);
#1748=ORIENTED_EDGE('',*,*,#1286,.F.);
#1749=ORIENTED_EDGE('',*,*,#1361,.F.);
#1750=ORIENTED_EDGE('',*,*,#1347,.T.);
#1751=ORIENTED_EDGE('',*,*,#1349,.F.);
#1752=ORIENTED_EDGE('',*,*,#1166,.F.);
#1753=ORIENTED_EDGE('',*,*,#1362,.T.);
#1754=ORIENTED_EDGE('',*,*,#1359,.F.);
#1755=ORIENTED_EDGE('',*,*,#1165,.F.);
#1756=ORIENTED_EDGE('',*,*,#1187,.F.);
#1757=ORIENTED_EDGE('',*,*,#1360,.F.);
#1758=ORIENTED_EDGE('',*,*,#1362,.F.);
#1759=ORIENTED_EDGE('',*,*,#1363,.T.);
#1760=ORIENTED_EDGE('',*,*,#1294,.T.);
#1761=ORIENTED_EDGE('',*,*,#1295,.F.);
#1762=ORIENTED_EDGE('',*,*,#1170,.F.);
#1763=ORIENTED_EDGE('',*,*,#1364,.T.);
#1764=ORIENTED_EDGE('',*,*,#1207,.F.);
#1765=ORIENTED_EDGE('',*,*,#1203,.F.);
#1766=ORIENTED_EDGE('',*,*,#1200,.F.);
#1767=ORIENTED_EDGE('',*,*,#1365,.F.);
#1768=ORIENTED_EDGE('',*,*,#1366,.T.);
#1769=ORIENTED_EDGE('',*,*,#1367,.T.);
#1770=ORIENTED_EDGE('',*,*,#1168,.F.);
#1771=ORIENTED_EDGE('',*,*,#1348,.F.);
#1772=ORIENTED_EDGE('',*,*,#1345,.F.);
#1773=ORIENTED_EDGE('',*,*,#1368,.F.);
#1774=ORIENTED_EDGE('',*,*,#1300,.T.);
#1775=ORIENTED_EDGE('',*,*,#1302,.F.);
#1776=ORIENTED_EDGE('',*,*,#1195,.F.);
#1777=ORIENTED_EDGE('',*,*,#1369,.T.);
#1778=ORIENTED_EDGE('',*,*,#1366,.F.);
#1779=ORIENTED_EDGE('',*,*,#1132,.F.);
#1780=ORIENTED_EDGE('',*,*,#1370,.T.);
#1781=ORIENTED_EDGE('',*,*,#1371,.T.);
#1782=ORIENTED_EDGE('',*,*,#1193,.F.);
#1783=ORIENTED_EDGE('',*,*,#1342,.F.);
#1784=ORIENTED_EDGE('',*,*,#1339,.F.);
#1785=ORIENTED_EDGE('',*,*,#1131,.F.);
#1786=ORIENTED_EDGE('',*,*,#1139,.T.);
#1787=ORIENTED_EDGE('',*,*,#1372,.T.);
#1788=ORIENTED_EDGE('',*,*,#1370,.F.);
#1789=ORIENTED_EDGE('',*,*,#1127,.F.);
#1790=ORIENTED_EDGE('',*,*,#1137,.F.);
#1791=ORIENTED_EDGE('',*,*,#1282,.T.);
#1792=ORIENTED_EDGE('',*,*,#1284,.F.);
#1793=ORIENTED_EDGE('',*,*,#1209,.F.);
#1794=ORIENTED_EDGE('',*,*,#1373,.T.);
#1795=ORIENTED_EDGE('',*,*,#1208,.F.);
#1796=ORIENTED_EDGE('',*,*,#1364,.F.);
#1797=ORIENTED_EDGE('',*,*,#1169,.F.);
#1798=ORIENTED_EDGE('',*,*,#1367,.F.);
#1799=ORIENTED_EDGE('',*,*,#1369,.F.);
#1800=ORIENTED_EDGE('',*,*,#1194,.F.);
#1801=ORIENTED_EDGE('',*,*,#1371,.F.);
#1802=ORIENTED_EDGE('',*,*,#1372,.F.);
#1803=ORIENTED_EDGE('',*,*,#1138,.F.);
#1804=ORIENTED_EDGE('',*,*,#1128,.F.);
#1805=ORIENTED_EDGE('',*,*,#1373,.F.);
#1806=ORIENTED_EDGE('',*,*,#1374,.T.);
#1807=ORIENTED_EDGE('',*,*,#1312,.T.);
#1808=ORIENTED_EDGE('',*,*,#1314,.F.);
#1809=ORIENTED_EDGE('',*,*,#1150,.F.);
#1810=ORIENTED_EDGE('',*,*,#1375,.T.);
#1811=ORIENTED_EDGE('',*,*,#1226,.F.);
#1812=ORIENTED_EDGE('',*,*,#1338,.F.);
#1813=ORIENTED_EDGE('',*,*,#1334,.F.);
#1814=ORIENTED_EDGE('',*,*,#1376,.T.);
#1815=ORIENTED_EDGE('',*,*,#1306,.T.);
#1816=ORIENTED_EDGE('',*,*,#1307,.F.);
#1817=ORIENTED_EDGE('',*,*,#1228,.F.);
#1818=ORIENTED_EDGE('',*,*,#1377,.T.);
#1819=ORIENTED_EDGE('',*,*,#1148,.F.);
#1820=ORIENTED_EDGE('',*,*,#1144,.F.);
#1821=ORIENTED_EDGE('',*,*,#1141,.F.);
#1822=ORIENTED_EDGE('',*,*,#1227,.F.);
#1823=ORIENTED_EDGE('',*,*,#1375,.F.);
#1824=ORIENTED_EDGE('',*,*,#1149,.F.);
#1825=ORIENTED_EDGE('',*,*,#1377,.F.);
#1826=ORIENTED_EDGE('',*,*,#1135,.F.);
#1827=ORIENTED_EDGE('',*,*,#1378,.T.);
#1828=ORIENTED_EDGE('',*,*,#1379,.T.);
#1829=ORIENTED_EDGE('',*,*,#1211,.F.);
#1830=ORIENTED_EDGE('',*,*,#1283,.F.);
#1831=ORIENTED_EDGE('',*,*,#1280,.F.);
#1832=ORIENTED_EDGE('',*,*,#1134,.F.);
#1833=ORIENTED_EDGE('',*,*,#1341,.T.);
#1834=ORIENTED_EDGE('',*,*,#1343,.F.);
#1835=ORIENTED_EDGE('',*,*,#1191,.F.);
#1836=ORIENTED_EDGE('',*,*,#1380,.T.);
#1837=ORIENTED_EDGE('',*,*,#1378,.F.);
#1838=ORIENTED_EDGE('',*,*,#1190,.F.);
#1839=ORIENTED_EDGE('',*,*,#1212,.F.);
#1840=ORIENTED_EDGE('',*,*,#1379,.F.);
#1841=ORIENTED_EDGE('',*,*,#1380,.F.);
#1842=ORIENTED_EDGE('',*,*,#1381,.T.);
#1843=ORIENTED_EDGE('',*,*,#1271,.T.);
#1844=ORIENTED_EDGE('',*,*,#1273,.F.);
#1845=ORIENTED_EDGE('',*,*,#1158,.F.);
#1846=ORIENTED_EDGE('',*,*,#1382,.T.);
#1847=ORIENTED_EDGE('',*,*,#1218,.F.);
#1848=ORIENTED_EDGE('',*,*,#1236,.F.);
#1849=ORIENTED_EDGE('',*,*,#1233,.F.);
#1850=ORIENTED_EDGE('',*,*,#1383,.T.);
#1851=ORIENTED_EDGE('',*,*,#1277,.T.);
#1852=ORIENTED_EDGE('',*,*,#1278,.F.);
#1853=ORIENTED_EDGE('',*,*,#1220,.F.);
#1854=ORIENTED_EDGE('',*,*,#1384,.T.);
#1855=ORIENTED_EDGE('',*,*,#1156,.F.);
#1856=ORIENTED_EDGE('',*,*,#1331,.F.);
#1857=ORIENTED_EDGE('',*,*,#1328,.F.);
#1858=ORIENTED_EDGE('',*,*,#1219,.F.);
#1859=ORIENTED_EDGE('',*,*,#1382,.F.);
#1860=ORIENTED_EDGE('',*,*,#1157,.F.);
#1861=ORIENTED_EDGE('',*,*,#1384,.F.);
#1862=ORIENTED_EDGE('',*,*,#1385,.F.);
#1863=ORIENTED_EDGE('',*,*,#1386,.T.);
#1864=ORIENTED_EDGE('',*,*,#1387,.T.);
#1865=ORIENTED_EDGE('',*,*,#1254,.F.);
#1866=ORIENTED_EDGE('',*,*,#1325,.F.);
#1867=ORIENTED_EDGE('',*,*,#1322,.F.);
#1868=ORIENTED_EDGE('',*,*,#1388,.F.);
#1869=ORIENTED_EDGE('',*,*,#1389,.T.);
#1870=ORIENTED_EDGE('',*,*,#1390,.T.);
#1871=ORIENTED_EDGE('',*,*,#1386,.F.);
#1872=ORIENTED_EDGE('',*,*,#1391,.F.);
#1873=ORIENTED_EDGE('',*,*,#1265,.T.);
#1874=ORIENTED_EDGE('',*,*,#1267,.F.);
#1875=ORIENTED_EDGE('',*,*,#1256,.F.);
#1876=ORIENTED_EDGE('',*,*,#1392,.T.);
#1877=ORIENTED_EDGE('',*,*,#1389,.F.);
#1878=ORIENTED_EDGE('',*,*,#1392,.F.);
#1879=ORIENTED_EDGE('',*,*,#1255,.F.);
#1880=ORIENTED_EDGE('',*,*,#1387,.F.);
#1881=ORIENTED_EDGE('',*,*,#1390,.F.);
#1882=ORIENTED_EDGE('',*,*,#1393,.T.);
#1883=ORIENTED_EDGE('',*,*,#1394,.T.);
#1884=ORIENTED_EDGE('',*,*,#1395,.T.);
#1885=ORIENTED_EDGE('',*,*,#1246,.F.);
#1886=ORIENTED_EDGE('',*,*,#1242,.F.);
#1887=ORIENTED_EDGE('',*,*,#1239,.F.);
#1888=ORIENTED_EDGE('',*,*,#1396,.F.);
#1889=ORIENTED_EDGE('',*,*,#1397,.T.);
#1890=ORIENTED_EDGE('',*,*,#1398,.T.);
#1891=ORIENTED_EDGE('',*,*,#1394,.F.);
#1892=ORIENTED_EDGE('',*,*,#1399,.F.);
#1893=ORIENTED_EDGE('',*,*,#1318,.T.);
#1894=ORIENTED_EDGE('',*,*,#1320,.F.);
#1895=ORIENTED_EDGE('',*,*,#1248,.F.);
#1896=ORIENTED_EDGE('',*,*,#1400,.T.);
#1897=ORIENTED_EDGE('',*,*,#1397,.F.);
#1898=ORIENTED_EDGE('',*,*,#1400,.F.);
#1899=ORIENTED_EDGE('',*,*,#1247,.F.);
#1900=ORIENTED_EDGE('',*,*,#1395,.F.);
#1901=ORIENTED_EDGE('',*,*,#1398,.F.);
#1902=ORIENTED_EDGE('',*,*,#1401,.F.);
#1903=ORIENTED_EDGE('',*,*,#1402,.T.);
#1904=ORIENTED_EDGE('',*,*,#1403,.T.);
#1905=ORIENTED_EDGE('',*,*,#1182,.F.);
#1906=ORIENTED_EDGE('',*,*,#1178,.F.);
#1907=ORIENTED_EDGE('',*,*,#1175,.F.);
#1908=ORIENTED_EDGE('',*,*,#1404,.F.);
#1909=ORIENTED_EDGE('',*,*,#1405,.T.);
#1910=ORIENTED_EDGE('',*,*,#1406,.T.);
#1911=ORIENTED_EDGE('',*,*,#1402,.F.);
#1912=ORIENTED_EDGE('',*,*,#1407,.F.);
#1913=ORIENTED_EDGE('',*,*,#1288,.T.);
#1914=ORIENTED_EDGE('',*,*,#1290,.F.);
#1915=ORIENTED_EDGE('',*,*,#1184,.F.);
#1916=ORIENTED_EDGE('',*,*,#1408,.T.);
#1917=ORIENTED_EDGE('',*,*,#1405,.F.);
#1918=ORIENTED_EDGE('',*,*,#1183,.F.);
#1919=ORIENTED_EDGE('',*,*,#1403,.F.);
#1920=ORIENTED_EDGE('',*,*,#1406,.F.);
#1921=ORIENTED_EDGE('',*,*,#1408,.F.);
#1922=ORIENTED_EDGE('',*,*,#1409,.T.);
#1923=ORIENTED_EDGE('',*,*,#1330,.T.);
#1924=ORIENTED_EDGE('',*,*,#1332,.F.);
#1925=ORIENTED_EDGE('',*,*,#1154,.F.);
#1926=ORIENTED_EDGE('',*,*,#1410,.T.);
#1927=ORIENTED_EDGE('',*,*,#1222,.F.);
#1928=ORIENTED_EDGE('',*,*,#1279,.F.);
#1929=ORIENTED_EDGE('',*,*,#1275,.F.);
#1930=ORIENTED_EDGE('',*,*,#1411,.T.);
#1931=ORIENTED_EDGE('',*,*,#1336,.T.);
#1932=ORIENTED_EDGE('',*,*,#1337,.F.);
#1933=ORIENTED_EDGE('',*,*,#1224,.F.);
#1934=ORIENTED_EDGE('',*,*,#1412,.T.);
#1935=ORIENTED_EDGE('',*,*,#1152,.F.);
#1936=ORIENTED_EDGE('',*,*,#1313,.F.);
#1937=ORIENTED_EDGE('',*,*,#1310,.F.);
#1938=ORIENTED_EDGE('',*,*,#1223,.F.);
#1939=ORIENTED_EDGE('',*,*,#1410,.F.);
#1940=ORIENTED_EDGE('',*,*,#1153,.F.);
#1941=ORIENTED_EDGE('',*,*,#1412,.F.);
#1942=ORIENTED_EDGE('',*,*,#1413,.T.);
#1943=ORIENTED_EDGE('',*,*,#1143,.T.);
#1944=ORIENTED_EDGE('',*,*,#1146,.F.);
#1945=ORIENTED_EDGE('',*,*,#1147,.F.);
#1946=ORIENTED_EDGE('',*,*,#1414,.T.);
#1947=ORIENTED_EDGE('',*,*,#1230,.F.);
#1948=ORIENTED_EDGE('',*,*,#1308,.F.);
#1949=ORIENTED_EDGE('',*,*,#1304,.F.);
#1950=ORIENTED_EDGE('',*,*,#1415,.T.);
#1951=ORIENTED_EDGE('',*,*,#1202,.T.);
#1952=ORIENTED_EDGE('',*,*,#1205,.F.);
#1953=ORIENTED_EDGE('',*,*,#1206,.F.);
#1954=ORIENTED_EDGE('',*,*,#1416,.T.);
#1955=ORIENTED_EDGE('',*,*,#1172,.F.);
#1956=ORIENTED_EDGE('',*,*,#1296,.F.);
#1957=ORIENTED_EDGE('',*,*,#1292,.F.);
#1958=ORIENTED_EDGE('',*,*,#1231,.F.);
#1959=ORIENTED_EDGE('',*,*,#1414,.F.);
#1960=ORIENTED_EDGE('',*,*,#1173,.F.);
#1961=ORIENTED_EDGE('',*,*,#1416,.F.);
#1962=ORIENTED_EDGE('',*,*,#1417,.F.);
#1963=ORIENTED_EDGE('',*,*,#1418,.T.);
#1964=ORIENTED_EDGE('',*,*,#1419,.T.);
#1965=ORIENTED_EDGE('',*,*,#1197,.F.);
#1966=ORIENTED_EDGE('',*,*,#1301,.F.);
#1967=ORIENTED_EDGE('',*,*,#1298,.F.);
#1968=ORIENTED_EDGE('',*,*,#1420,.F.);
#1969=ORIENTED_EDGE('',*,*,#1421,.T.);
#1970=ORIENTED_EDGE('',*,*,#1422,.T.);
#1971=ORIENTED_EDGE('',*,*,#1418,.F.);
#1972=ORIENTED_EDGE('',*,*,#1423,.F.);
#1973=ORIENTED_EDGE('',*,*,#1177,.T.);
#1974=ORIENTED_EDGE('',*,*,#1180,.F.);
#1975=ORIENTED_EDGE('',*,*,#1181,.F.);
#1976=ORIENTED_EDGE('',*,*,#1424,.T.);
#1977=ORIENTED_EDGE('',*,*,#1421,.F.);
#1978=ORIENTED_EDGE('',*,*,#1198,.F.);
#1979=ORIENTED_EDGE('',*,*,#1419,.F.);
#1980=ORIENTED_EDGE('',*,*,#1422,.F.);
#1981=ORIENTED_EDGE('',*,*,#1424,.F.);
#1982=ORIENTED_EDGE('',*,*,#1425,.T.);
#1983=ORIENTED_EDGE('',*,*,#1426,.T.);
#1984=ORIENTED_EDGE('',*,*,#1427,.T.);
#1985=ORIENTED_EDGE('',*,*,#1160,.F.);
#1986=ORIENTED_EDGE('',*,*,#1272,.F.);
#1987=ORIENTED_EDGE('',*,*,#1269,.F.);
#1988=ORIENTED_EDGE('',*,*,#1428,.F.);
#1989=ORIENTED_EDGE('',*,*,#1241,.T.);
#1990=ORIENTED_EDGE('',*,*,#1244,.F.);
#1991=ORIENTED_EDGE('',*,*,#1245,.F.);
#1992=ORIENTED_EDGE('',*,*,#1429,.T.);
#1993=ORIENTED_EDGE('',*,*,#1426,.F.);
#1994=ORIENTED_EDGE('',*,*,#1161,.F.);
#1995=ORIENTED_EDGE('',*,*,#1427,.F.);
#1996=ORIENTED_EDGE('',*,*,#1429,.F.);
#1997=ORIENTED_EDGE('',*,*,#1261,.F.);
#1998=ORIENTED_EDGE('',*,*,#1430,.T.);
#1999=ORIENTED_EDGE('',*,*,#1431,.T.);
#2000=ORIENTED_EDGE('',*,*,#1432,.T.);
#2001=ORIENTED_EDGE('',*,*,#1258,.F.);
#2002=ORIENTED_EDGE('',*,*,#1266,.F.);
#2003=ORIENTED_EDGE('',*,*,#1263,.F.);
#2004=ORIENTED_EDGE('',*,*,#1433,.F.);
#2005=ORIENTED_EDGE('',*,*,#1235,.T.);
#2006=ORIENTED_EDGE('',*,*,#1237,.F.);
#2007=ORIENTED_EDGE('',*,*,#1216,.F.);
#2008=ORIENTED_EDGE('',*,*,#1434,.T.);
#2009=ORIENTED_EDGE('',*,*,#1431,.F.);
#2010=ORIENTED_EDGE('',*,*,#1259,.F.);
#2011=ORIENTED_EDGE('',*,*,#1432,.F.);
#2012=ORIENTED_EDGE('',*,*,#1434,.F.);
#2013=ORIENTED_EDGE('',*,*,#1215,.F.);
#2014=ORIENTED_EDGE('',*,*,#1374,.F.);
#2015=ORIENTED_EDGE('',*,*,#1333,.F.);
#2016=ORIENTED_EDGE('',*,*,#1411,.F.);
#2017=ORIENTED_EDGE('',*,*,#1309,.F.);
#2018=ORIENTED_EDGE('',*,*,#1383,.F.);
#2019=ORIENTED_EDGE('',*,*,#1327,.F.);
#2020=ORIENTED_EDGE('',*,*,#1409,.F.);
#2021=ORIENTED_EDGE('',*,*,#1274,.F.);
#2022=ORIENTED_EDGE('',*,*,#1376,.F.);
#2023=ORIENTED_EDGE('',*,*,#1140,.F.);
#2024=ORIENTED_EDGE('',*,*,#1413,.F.);
#2025=ORIENTED_EDGE('',*,*,#1303,.F.);
#2026=ORIENTED_EDGE('',*,*,#1363,.F.);
#2027=ORIENTED_EDGE('',*,*,#1199,.F.);
#2028=ORIENTED_EDGE('',*,*,#1415,.F.);
#2029=ORIENTED_EDGE('',*,*,#1291,.F.);
#2030=ORIENTED_EDGE('',*,*,#1358,.T.);
#2031=ORIENTED_EDGE('',*,*,#1285,.T.);
#2032=ORIENTED_EDGE('',*,*,#1407,.T.);
#2033=ORIENTED_EDGE('',*,*,#1404,.T.);
#2034=ORIENTED_EDGE('',*,*,#1401,.T.);
#2035=ORIENTED_EDGE('',*,*,#1174,.T.);
#2036=ORIENTED_EDGE('',*,*,#1423,.T.);
#2037=ORIENTED_EDGE('',*,*,#1420,.T.);
#2038=ORIENTED_EDGE('',*,*,#1417,.T.);
#2039=ORIENTED_EDGE('',*,*,#1297,.T.);
#2040=ORIENTED_EDGE('',*,*,#1368,.T.);
#2041=ORIENTED_EDGE('',*,*,#1365,.T.);
#2042=ORIENTED_EDGE('',*,*,#1344,.T.);
#2043=ORIENTED_EDGE('',*,*,#1361,.T.);
#2044=ORIENTED_EDGE('',*,*,#1435,.F.);
#2045=ORIENTED_EDGE('',*,*,#1436,.T.);
#2046=ORIENTED_EDGE('',*,*,#1437,.T.);
#2047=ORIENTED_EDGE('',*,*,#1436,.F.);
#2048=ORIENTED_EDGE('',*,*,#1437,.F.);
#2049=ORIENTED_EDGE('',*,*,#1438,.F.);
#2050=ORIENTED_EDGE('',*,*,#1439,.T.);
#2051=ORIENTED_EDGE('',*,*,#1440,.F.);
#2052=ORIENTED_EDGE('',*,*,#1441,.F.);
#2053=ORIENTED_EDGE('',*,*,#1442,.F.);
#2054=ORIENTED_EDGE('',*,*,#1441,.T.);
#2055=ORIENTED_EDGE('',*,*,#1443,.F.);
#2056=ORIENTED_EDGE('',*,*,#1444,.F.);
#2057=ORIENTED_EDGE('',*,*,#1445,.F.);
#2058=ORIENTED_EDGE('',*,*,#1444,.T.);
#2059=ORIENTED_EDGE('',*,*,#1446,.F.);
#2060=ORIENTED_EDGE('',*,*,#1447,.F.);
#2061=ORIENTED_EDGE('',*,*,#1448,.F.);
#2062=ORIENTED_EDGE('',*,*,#1447,.T.);
#2063=ORIENTED_EDGE('',*,*,#1449,.F.);
#2064=ORIENTED_EDGE('',*,*,#1439,.F.);
#2065=ORIENTED_EDGE('',*,*,#1449,.T.);
#2066=ORIENTED_EDGE('',*,*,#1446,.T.);
#2067=ORIENTED_EDGE('',*,*,#1443,.T.);
#2068=ORIENTED_EDGE('',*,*,#1440,.T.);
#2069=ORIENTED_EDGE('',*,*,#1435,.T.);
#2070=ORIENTED_EDGE('',*,*,#1188,.T.);
#2071=ORIENTED_EDGE('',*,*,#1163,.T.);
#2072=ORIENTED_EDGE('',*,*,#1260,.T.);
#2073=ORIENTED_EDGE('',*,*,#1213,.T.);
#2074=ORIENTED_EDGE('',*,*,#1438,.T.);
#2075=ORIENTED_EDGE('',*,*,#1442,.T.);
#2076=ORIENTED_EDGE('',*,*,#1445,.T.);
#2077=ORIENTED_EDGE('',*,*,#1448,.T.);
#2078=ORIENTED_EDGE('',*,*,#1350,.F.);
#2079=ORIENTED_EDGE('',*,*,#1315,.F.);
#2080=ORIENTED_EDGE('',*,*,#1399,.T.);
#2081=ORIENTED_EDGE('',*,*,#1396,.T.);
#2082=ORIENTED_EDGE('',*,*,#1393,.F.);
#2083=ORIENTED_EDGE('',*,*,#1238,.F.);
#2084=ORIENTED_EDGE('',*,*,#1428,.T.);
#2085=ORIENTED_EDGE('',*,*,#1425,.F.);
#2086=ORIENTED_EDGE('',*,*,#1268,.F.);
#2087=ORIENTED_EDGE('',*,*,#1381,.F.);
#2088=ORIENTED_EDGE('',*,*,#1232,.F.);
#2089=ORIENTED_EDGE('',*,*,#1433,.T.);
#2090=ORIENTED_EDGE('',*,*,#1430,.F.);
#2091=ORIENTED_EDGE('',*,*,#1262,.F.);
#2092=ORIENTED_EDGE('',*,*,#1391,.T.);
#2093=ORIENTED_EDGE('',*,*,#1388,.T.);
#2094=ORIENTED_EDGE('',*,*,#1385,.T.);
#2095=ORIENTED_EDGE('',*,*,#1321,.F.);
#2096=ORIENTED_EDGE('',*,*,#1356,.F.);
#2097=ORIENTED_EDGE('',*,*,#1353,.T.);
#2098=PLANE('',#2335);
#2099=PLANE('',#2336);
#2100=PLANE('',#2337);
#2101=PLANE('',#2338);
#2102=PLANE('',#2339);
#2103=PLANE('',#2340);
#2104=PLANE('',#2341);
#2105=PLANE('',#2342);
#2106=PLANE('',#2343);
#2107=PLANE('',#2344);
#2108=PLANE('',#2345);
#2109=PLANE('',#2346);
#2110=PLANE('',#2347);
#2111=PLANE('',#2348);
#2112=PLANE('',#2349);
#2113=PLANE('',#2350);
#2114=PLANE('',#2351);
#2115=PLANE('',#2352);
#2116=PLANE('',#2353);
#2117=PLANE('',#2354);
#2118=PLANE('',#2355);
#2119=PLANE('',#2356);
#2120=PLANE('',#2357);
#2121=PLANE('',#2358);
#2122=PLANE('',#2359);
#2123=PLANE('',#2360);
#2124=PLANE('',#2361);
#2125=PLANE('',#2362);
#2126=PLANE('',#2363);
#2127=PLANE('',#2364);
#2128=PLANE('',#2365);
#2129=PLANE('',#2366);
#2130=PLANE('',#2367);
#2131=PLANE('',#2368);
#2132=PLANE('',#2369);
#2133=PLANE('',#2370);
#2134=PLANE('',#2371);
#2135=PLANE('',#2372);
#2136=PLANE('',#2373);
#2137=PLANE('',#2374);
#2138=PLANE('',#2375);
#2139=PLANE('',#2376);
#2140=PLANE('',#2377);
#2141=PLANE('',#2378);
#2142=PLANE('',#2379);
#2143=PLANE('',#2380);
#2144=PLANE('',#2381);
#2145=PLANE('',#2382);
#2146=PLANE('',#2383);
#2147=PLANE('',#2384);
#2148=PLANE('',#2385);
#2149=PLANE('',#2386);
#2150=PLANE('',#2387);
#2151=PLANE('',#2388);
#2152=PLANE('',#2389);
#2153=PLANE('',#2390);
#2154=PLANE('',#2391);
#2155=PLANE('',#2392);
#2156=PLANE('',#2393);
#2157=PLANE('',#2394);
#2158=PLANE('',#2395);
#2159=PLANE('',#2396);
#2160=PLANE('',#2397);
#2161=PLANE('',#2398);
#2162=PLANE('',#2399);
#2163=PLANE('',#2400);
#2164=PLANE('',#2401);
#2165=PLANE('',#2402);
#2166=PLANE('',#2403);
#2167=PLANE('',#2404);
#2168=PLANE('',#2405);
#2169=PLANE('',#2406);
#2170=PLANE('',#2407);
#2171=PLANE('',#2408);
#2172=PLANE('',#2409);
#2173=PLANE('',#2410);
#2174=PLANE('',#2411);
#2175=PLANE('',#2412);
#2176=PLANE('',#2413);
#2177=PLANE('',#2414);
#2178=PLANE('',#2415);
#2179=PLANE('',#2416);
#2180=PLANE('',#2417);
#2181=PLANE('',#2418);
#2182=PLANE('',#2419);
#2183=PLANE('',#2420);
#2184=PLANE('',#2421);
#2185=PLANE('',#2422);
#2186=PLANE('',#2423);
#2187=PLANE('',#2424);
#2188=PLANE('',#2425);
#2189=PLANE('',#2426);
#2190=PLANE('',#2427);
#2191=PLANE('',#2428);
#2192=PLANE('',#2429);
#2193=PLANE('',#2430);
#2194=PLANE('',#2431);
#2195=PLANE('',#2432);
#2196=PLANE('',#2433);
#2197=PLANE('',#2434);
#2198=PLANE('',#2435);
#2199=PLANE('',#2436);
#2200=PLANE('',#2437);
#2201=PLANE('',#2441);
#2202=PLANE('',#2442);
#2203=PLANE('',#2443);
#2204=PLANE('',#2444);
#2205=PLANE('',#2445);
#2206=PLANE('',#2446);
#2207=PLANE('',#2447);
#2208=PLANE('',#2448);
#2209=ADVANCED_FACE('',(#40),#2098,.T.);
#2210=ADVANCED_FACE('',(#41),#2099,.F.);
#2211=ADVANCED_FACE('',(#42),#2100,.F.);
#2212=ADVANCED_FACE('',(#43),#2101,.T.);
#2213=ADVANCED_FACE('',(#44),#2102,.T.);
#2214=ADVANCED_FACE('',(#45),#2103,.T.);
#2215=ADVANCED_FACE('',(#46),#2104,.T.);
#2216=ADVANCED_FACE('',(#47),#2105,.T.);
#2217=ADVANCED_FACE('',(#48),#2106,.T.);
#2218=ADVANCED_FACE('',(#49),#2107,.T.);
#2219=ADVANCED_FACE('',(#50),#2108,.T.);
#2220=ADVANCED_FACE('',(#51),#2109,.T.);
#2221=ADVANCED_FACE('',(#52),#2110,.T.);
#2222=ADVANCED_FACE('',(#53),#2111,.T.);
#2223=ADVANCED_FACE('',(#54),#2112,.T.);
#2224=ADVANCED_FACE('',(#55),#2113,.T.);
#2225=ADVANCED_FACE('',(#56),#2114,.T.);
#2226=ADVANCED_FACE('',(#57),#2115,.T.);
#2227=ADVANCED_FACE('',(#58),#2116,.T.);
#2228=ADVANCED_FACE('',(#59),#2117,.T.);
#2229=ADVANCED_FACE('',(#60),#2118,.T.);
#2230=ADVANCED_FACE('',(#61),#2119,.T.);
#2231=ADVANCED_FACE('',(#62),#2120,.T.);
#2232=ADVANCED_FACE('',(#63),#2121,.T.);
#2233=ADVANCED_FACE('',(#64),#2122,.T.);
#2234=ADVANCED_FACE('',(#65),#2123,.T.);
#2235=ADVANCED_FACE('',(#66),#2124,.T.);
#2236=ADVANCED_FACE('',(#67),#2125,.T.);
#2237=ADVANCED_FACE('',(#68),#2126,.T.);
#2238=ADVANCED_FACE('',(#69),#2127,.T.);
#2239=ADVANCED_FACE('',(#70),#2128,.T.);
#2240=ADVANCED_FACE('',(#71),#2129,.T.);
#2241=ADVANCED_FACE('',(#72),#2130,.T.);
#2242=ADVANCED_FACE('',(#73),#2131,.T.);
#2243=ADVANCED_FACE('',(#74),#2132,.T.);
#2244=ADVANCED_FACE('',(#75),#2133,.T.);
#2245=ADVANCED_FACE('',(#76),#2134,.T.);
#2246=ADVANCED_FACE('',(#77),#2135,.T.);
#2247=ADVANCED_FACE('',(#78),#2136,.T.);
#2248=ADVANCED_FACE('',(#79),#2137,.T.);
#2249=ADVANCED_FACE('',(#80),#2138,.T.);
#2250=ADVANCED_FACE('',(#81),#2139,.T.);
#2251=ADVANCED_FACE('',(#82),#2140,.T.);
#2252=ADVANCED_FACE('',(#83),#2141,.T.);
#2253=ADVANCED_FACE('',(#84),#2142,.T.);
#2254=ADVANCED_FACE('',(#85),#2143,.T.);
#2255=ADVANCED_FACE('',(#86),#2144,.T.);
#2256=ADVANCED_FACE('',(#87),#2145,.F.);
#2257=ADVANCED_FACE('',(#88),#2146,.F.);
#2258=ADVANCED_FACE('',(#89),#2147,.F.);
#2259=ADVANCED_FACE('',(#90),#2148,.F.);
#2260=ADVANCED_FACE('',(#91),#2149,.F.);
#2261=ADVANCED_FACE('',(#92),#2150,.F.);
#2262=ADVANCED_FACE('',(#93),#2151,.F.);
#2263=ADVANCED_FACE('',(#94),#2152,.F.);
#2264=ADVANCED_FACE('',(#95),#2153,.F.);
#2265=ADVANCED_FACE('',(#96),#2154,.F.);
#2266=ADVANCED_FACE('',(#97),#2155,.F.);
#2267=ADVANCED_FACE('',(#98),#2156,.F.);
#2268=ADVANCED_FACE('',(#99),#2157,.F.);
#2269=ADVANCED_FACE('',(#100),#2158,.F.);
#2270=ADVANCED_FACE('',(#101),#2159,.F.);
#2271=ADVANCED_FACE('',(#102),#2160,.F.);
#2272=ADVANCED_FACE('',(#103),#2161,.F.);
#2273=ADVANCED_FACE('',(#104),#2162,.F.);
#2274=ADVANCED_FACE('',(#105),#2163,.F.);
#2275=ADVANCED_FACE('',(#106),#2164,.F.);
#2276=ADVANCED_FACE('',(#107),#2165,.F.);
#2277=ADVANCED_FACE('',(#108),#2166,.F.);
#2278=ADVANCED_FACE('',(#109),#2167,.F.);
#2279=ADVANCED_FACE('',(#110),#2168,.F.);
#2280=ADVANCED_FACE('',(#111),#2169,.F.);
#2281=ADVANCED_FACE('',(#112),#2170,.F.);
#2282=ADVANCED_FACE('',(#113),#2171,.F.);
#2283=ADVANCED_FACE('',(#114),#2172,.F.);
#2284=ADVANCED_FACE('',(#115),#2173,.F.);
#2285=ADVANCED_FACE('',(#116),#2174,.F.);
#2286=ADVANCED_FACE('',(#117),#2175,.F.);
#2287=ADVANCED_FACE('',(#118),#2176,.F.);
#2288=ADVANCED_FACE('',(#119),#2177,.F.);
#2289=ADVANCED_FACE('',(#120),#2178,.F.);
#2290=ADVANCED_FACE('',(#121),#2179,.F.);
#2291=ADVANCED_FACE('',(#122),#2180,.F.);
#2292=ADVANCED_FACE('',(#123),#2181,.F.);
#2293=ADVANCED_FACE('',(#124),#2182,.F.);
#2294=ADVANCED_FACE('',(#125),#2183,.F.);
#2295=ADVANCED_FACE('',(#126),#2184,.F.);
#2296=ADVANCED_FACE('',(#127),#2185,.F.);
#2297=ADVANCED_FACE('',(#128),#2186,.F.);
#2298=ADVANCED_FACE('',(#129),#2187,.F.);
#2299=ADVANCED_FACE('',(#130),#2188,.F.);
#2300=ADVANCED_FACE('',(#131),#2189,.F.);
#2301=ADVANCED_FACE('',(#132),#2190,.F.);
#2302=ADVANCED_FACE('',(#133),#2191,.F.);
#2303=ADVANCED_FACE('',(#134),#2192,.F.);
#2304=ADVANCED_FACE('',(#135),#2193,.F.);
#2305=ADVANCED_FACE('',(#136),#2194,.F.);
#2306=ADVANCED_FACE('',(#137),#2195,.F.);
#2307=ADVANCED_FACE('',(#138),#2196,.F.);
#2308=ADVANCED_FACE('',(#139),#2197,.F.);
#2309=ADVANCED_FACE('',(#140),#2198,.F.);
#2310=ADVANCED_FACE('',(#141),#2199,.F.);
#2311=ADVANCED_FACE('',(#142),#2200,.F.);
#2312=ADVANCED_FACE('',(#143),#18,.F.);
#2313=ADVANCED_FACE('',(#144),#2201,.T.);
#2314=ADVANCED_FACE('',(#145),#2202,.T.);
#2315=ADVANCED_FACE('',(#146),#2203,.T.);
#2316=ADVANCED_FACE('',(#147),#2204,.T.);
#2317=ADVANCED_FACE('',(#148),#2205,.T.);
#2318=ADVANCED_FACE('',(#149,#14),#2206,.T.);
#2319=ADVANCED_FACE('',(#150,#15),#2207,.T.);
#2320=ADVANCED_FACE('',(#151),#2208,.F.);
#2321=CLOSED_SHELL('',(#2209,#2210,#2211,#2212,#2213,#2214,#2215,#2216,
#2217,#2218,#2219,#2220,#2221,#2222,#2223,#2224,#2225,#2226,#2227,#2228,
#2229,#2230,#2231,#2232,#2233,#2234,#2235,#2236,#2237,#2238,#2239,#2240,
#2241,#2242,#2243,#2244,#2245,#2246,#2247,#2248,#2249,#2250,#2251,#2252,
#2253,#2254,#2255,#2256,#2257,#2258,#2259,#2260,#2261,#2262,#2263,#2264,
#2265,#2266,#2267,#2268,#2269,#2270,#2271,#2272,#2273,#2274,#2275,#2276,
#2277,#2278,#2279,#2280,#2281,#2282,#2283,#2284,#2285,#2286,#2287,#2288,
#2289,#2290,#2291,#2292,#2293,#2294,#2295,#2296,#2297,#2298,#2299,#2300,
#2301,#2302,#2303,#2304,#2305,#2306,#2307,#2308,#2309,#2310,#2311,#2312,
#2313,#2314,#2315,#2316,#2317,#2318,#2319,#2320));
#2322=DERIVED_UNIT_ELEMENT(#2324,1.);
#2323=DERIVED_UNIT_ELEMENT(#3659,-3.);
#2324=(
MASS_UNIT()
NAMED_UNIT(*)
SI_UNIT(.KILO.,.GRAM.)
);
#2325=DERIVED_UNIT((#2322,#2323));
#2326=MEASURE_REPRESENTATION_ITEM('density measure',
POSITIVE_RATIO_MEASURE(1060.),#2325);
#2327=PROPERTY_DEFINITION_REPRESENTATION(#2332,#2329);
#2328=PROPERTY_DEFINITION_REPRESENTATION(#2333,#2330);
#2329=REPRESENTATION('material name',(#2331),#3656);
#2330=REPRESENTATION('density',(#2326),#3656);
#2331=DESCRIPTIVE_REPRESENTATION_ITEM('ABS Plastic','ABS Plastic');
#2332=PROPERTY_DEFINITION('material property','material name',#3666);
#2333=PROPERTY_DEFINITION('material property','density of part',#3666);
#2334=AXIS2_PLACEMENT_3D('',#3001,#2449,#2450);
#2335=AXIS2_PLACEMENT_3D('',#3002,#2451,#2452);
#2336=AXIS2_PLACEMENT_3D('',#3011,#2457,#2458);
#2337=AXIS2_PLACEMENT_3D('',#3027,#2467,#2468);
#2338=AXIS2_PLACEMENT_3D('',#3031,#2471,#2472);
#2339=AXIS2_PLACEMENT_3D('',#3040,#2477,#2478);
#2340=AXIS2_PLACEMENT_3D('',#3046,#2482,#2483);
#2341=AXIS2_PLACEMENT_3D('',#3100,#2511,#2512);
#2342=AXIS2_PLACEMENT_3D('',#3109,#2517,#2518);
#2343=AXIS2_PLACEMENT_3D('',#3115,#2522,#2523);
#2344=AXIS2_PLACEMENT_3D('',#3150,#2542,#2543);
#2345=AXIS2_PLACEMENT_3D('',#3159,#2548,#2549);
#2346=AXIS2_PLACEMENT_3D('',#3165,#2553,#2554);
#2347=AXIS2_PLACEMENT_3D('',#3216,#2581,#2582);
#2348=AXIS2_PLACEMENT_3D('',#3225,#2587,#2588);
#2349=AXIS2_PLACEMENT_3D('',#3228,#2591,#2592);
#2350=AXIS2_PLACEMENT_3D('',#3237,#2597,#2598);
#2351=AXIS2_PLACEMENT_3D('',#3243,#2602,#2603);
#2352=AXIS2_PLACEMENT_3D('',#3275,#2621,#2622);
#2353=AXIS2_PLACEMENT_3D('',#3284,#2627,#2628);
#2354=AXIS2_PLACEMENT_3D('',#3287,#2631,#2632);
#2355=AXIS2_PLACEMENT_3D('',#3296,#2637,#2638);
#2356=AXIS2_PLACEMENT_3D('',#3299,#2641,#2642);
#2357=AXIS2_PLACEMENT_3D('',#3308,#2647,#2648);
#2358=AXIS2_PLACEMENT_3D('',#3311,#2651,#2652);
#2359=AXIS2_PLACEMENT_3D('',#3317,#2656,#2657);
#2360=AXIS2_PLACEMENT_3D('',#3320,#2660,#2661);
#2361=AXIS2_PLACEMENT_3D('',#3329,#2666,#2667);
#2362=AXIS2_PLACEMENT_3D('',#3332,#2670,#2671);
#2363=AXIS2_PLACEMENT_3D('',#3341,#2676,#2677);
#2364=AXIS2_PLACEMENT_3D('',#3344,#2680,#2681);
#2365=AXIS2_PLACEMENT_3D('',#3353,#2686,#2687);
#2366=AXIS2_PLACEMENT_3D('',#3356,#2690,#2691);
#2367=AXIS2_PLACEMENT_3D('',#3365,#2696,#2697);
#2368=AXIS2_PLACEMENT_3D('',#3368,#2700,#2701);
#2369=AXIS2_PLACEMENT_3D('',#3377,#2706,#2707);
#2370=AXIS2_PLACEMENT_3D('',#3380,#2710,#2711);
#2371=AXIS2_PLACEMENT_3D('',#3389,#2716,#2717);
#2372=AXIS2_PLACEMENT_3D('',#3392,#2720,#2721);
#2373=AXIS2_PLACEMENT_3D('',#3401,#2726,#2727);
#2374=AXIS2_PLACEMENT_3D('',#3404,#2730,#2731);
#2375=AXIS2_PLACEMENT_3D('',#3413,#2736,#2737);
#2376=AXIS2_PLACEMENT_3D('',#3416,#2740,#2741);
#2377=AXIS2_PLACEMENT_3D('',#3425,#2746,#2747);
#2378=AXIS2_PLACEMENT_3D('',#3428,#2750,#2751);
#2379=AXIS2_PLACEMENT_3D('',#3434,#2755,#2756);
#2380=AXIS2_PLACEMENT_3D('',#3437,#2759,#2760);
#2381=AXIS2_PLACEMENT_3D('',#3446,#2765,#2766);
#2382=AXIS2_PLACEMENT_3D('',#3449,#2769,#2770);
#2383=AXIS2_PLACEMENT_3D('',#3455,#2774,#2775);
#2384=AXIS2_PLACEMENT_3D('',#3461,#2779,#2780);
#2385=AXIS2_PLACEMENT_3D('',#3464,#2783,#2784);
#2386=AXIS2_PLACEMENT_3D('',#3465,#2785,#2786);
#2387=AXIS2_PLACEMENT_3D('',#3471,#2790,#2791);
#2388=AXIS2_PLACEMENT_3D('',#3474,#2794,#2795);
#2389=AXIS2_PLACEMENT_3D('',#3475,#2796,#2797);
#2390=AXIS2_PLACEMENT_3D('',#3478,#2800,#2801);
#2391=AXIS2_PLACEMENT_3D('',#3484,#2805,#2806);
#2392=AXIS2_PLACEMENT_3D('',#3487,#2809,#2810);
#2393=AXIS2_PLACEMENT_3D('',#3491,#2813,#2814);
#2394=AXIS2_PLACEMENT_3D('',#3493,#2816,#2817);
#2395=AXIS2_PLACEMENT_3D('',#3495,#2819,#2820);
#2396=AXIS2_PLACEMENT_3D('',#3496,#2821,#2822);
#2397=AXIS2_PLACEMENT_3D('',#3499,#2825,#2826);
#2398=AXIS2_PLACEMENT_3D('',#3502,#2829,#2830);
#2399=AXIS2_PLACEMENT_3D('',#3503,#2831,#2832);
#2400=AXIS2_PLACEMENT_3D('',#3507,#2835,#2836);
#2401=AXIS2_PLACEMENT_3D('',#3509,#2838,#2839);
#2402=AXIS2_PLACEMENT_3D('',#3510,#2840,#2841);
#2403=AXIS2_PLACEMENT_3D('',#3513,#2844,#2845);
#2404=AXIS2_PLACEMENT_3D('',#3516,#2848,#2849);
#2405=AXIS2_PLACEMENT_3D('',#3517,#2850,#2851);
#2406=AXIS2_PLACEMENT_3D('',#3523,#2855,#2856);
#2407=AXIS2_PLACEMENT_3D('',#3529,#2860,#2861);
#2408=AXIS2_PLACEMENT_3D('',#3532,#2864,#2865);
#2409=AXIS2_PLACEMENT_3D('',#3533,#2866,#2867);
#2410=AXIS2_PLACEMENT_3D('',#3539,#2871,#2872);
#2411=AXIS2_PLACEMENT_3D('',#3545,#2876,#2877);
#2412=AXIS2_PLACEMENT_3D('',#3548,#2880,#2881);
#2413=AXIS2_PLACEMENT_3D('',#3549,#2882,#2883);
#2414=AXIS2_PLACEMENT_3D('',#3555,#2887,#2888);
#2415=AXIS2_PLACEMENT_3D('',#3561,#2892,#2893);
#2416=AXIS2_PLACEMENT_3D('',#3564,#2896,#2897);
#2417=AXIS2_PLACEMENT_3D('',#3565,#2898,#2899);
#2418=AXIS2_PLACEMENT_3D('',#3568,#2902,#2903);
#2419=AXIS2_PLACEMENT_3D('',#3571,#2906,#2907);
#2420=AXIS2_PLACEMENT_3D('',#3572,#2908,#2909);
#2421=AXIS2_PLACEMENT_3D('',#3575,#2912,#2913);
#2422=AXIS2_PLACEMENT_3D('',#3578,#2916,#2917);
#2423=AXIS2_PLACEMENT_3D('',#3579,#2918,#2919);
#2424=AXIS2_PLACEMENT_3D('',#3585,#2923,#2924);
#2425=AXIS2_PLACEMENT_3D('',#3591,#2928,#2929);
#2426=AXIS2_PLACEMENT_3D('',#3594,#2932,#2933);
#2427=AXIS2_PLACEMENT_3D('',#3595,#2934,#2935);
#2428=AXIS2_PLACEMENT_3D('',#3601,#2939,#2940);
#2429=AXIS2_PLACEMENT_3D('',#3604,#2943,#2944);
#2430=AXIS2_PLACEMENT_3D('',#3605,#2945,#2946);
#2431=AXIS2_PLACEMENT_3D('',#3611,#2950,#2951);
#2432=AXIS2_PLACEMENT_3D('',#3614,#2954,#2955);
#2433=AXIS2_PLACEMENT_3D('',#3615,#2956,#2957);
#2434=AXIS2_PLACEMENT_3D('',#3616,#2958,#2959);
#2435=AXIS2_PLACEMENT_3D('',#3617,#2960,#2961);
#2436=AXIS2_PLACEMENT_3D('',#3618,#2962,#2963);
#2437=AXIS2_PLACEMENT_3D('',#3619,#2964,#2965);
#2438=AXIS2_PLACEMENT_3D('',#3620,#2966,#2967);
#2439=AXIS2_PLACEMENT_3D('',#3622,#2968,#2969);
#2440=AXIS2_PLACEMENT_3D('',#3625,#2971,#2972);
#2441=AXIS2_PLACEMENT_3D('',#3626,#2973,#2974);
#2442=AXIS2_PLACEMENT_3D('',#3627,#2975,#2976);
#2443=AXIS2_PLACEMENT_3D('',#3636,#2981,#2982);
#2444=AXIS2_PLACEMENT_3D('',#3642,#2986,#2987);
#2445=AXIS2_PLACEMENT_3D('',#3648,#2991,#2992);
#2446=AXIS2_PLACEMENT_3D('',#3651,#2995,#2996);
#2447=AXIS2_PLACEMENT_3D('',#3652,#2997,#2998);
#2448=AXIS2_PLACEMENT_3D('',#3653,#2999,#3000);
#2449=DIRECTION('axis',(0.,0.,1.));
#2450=DIRECTION('refdir',(1.,0.,0.));
#2451=DIRECTION('center_axis',(0.707106781186547,0.707106781186548,0.));
#2452=DIRECTION('ref_axis',(0.,0.,-1.));
#2453=DIRECTION('',(-0.707106781186548,0.707106781186547,0.));
#2454=DIRECTION('',(0.,0.,1.));
#2455=DIRECTION('',(-0.707106781186548,0.707106781186547,0.));
#2456=DIRECTION('',(0.,0.,-1.));
#2457=DIRECTION('center_axis',(0.,0.,1.));
#2458=DIRECTION('ref_axis',(1.,0.,0.));
#2459=DIRECTION('',(0.,-1.,0.));
#2460=DIRECTION('',(-1.,-1.11022302462526E-13,0.));
#2461=DIRECTION('',(0.,-1.,0.));
#2462=DIRECTION('',(-1.,0.,0.));
#2463=DIRECTION('',(0.,1.,0.));
#2464=DIRECTION('',(-1.,1.14455981920119E-15,0.));
#2465=DIRECTION('',(0.,1.,0.));
#2466=DIRECTION('',(1.,0.,0.));
#2467=DIRECTION('center_axis',(-1.,0.,0.));
#2468=DIRECTION('ref_axis',(0.,-1.,0.));
#2469=DIRECTION('',(0.,-1.,0.));
#2470=DIRECTION('',(0.,0.,1.));
#2471=DIRECTION('center_axis',(1.,0.,0.));
#2472=DIRECTION('ref_axis',(0.,1.,0.));
#2473=DIRECTION('',(0.,1.,0.));
#2474=DIRECTION('',(0.,0.,1.));
#2475=DIRECTION('',(0.,1.,0.));
#2476=DIRECTION('',(0.,0.,1.));
#2477=DIRECTION('center_axis',(0.,0.,1.));
#2478=DIRECTION('ref_axis',(1.,0.,0.));
#2479=DIRECTION('',(-1.,0.,0.));
#2480=DIRECTION('',(0.,1.,0.));
#2481=DIRECTION('',(1.,0.,0.));
#2482=DIRECTION('center_axis',(1.,0.,0.));
#2483=DIRECTION('ref_axis',(0.,1.,0.));
#2484=DIRECTION('',(0.,0.,1.));
#2485=DIRECTION('',(0.,0.,-1.));
#2486=DIRECTION('',(0.,1.,0.));
#2487=DIRECTION('',(0.,0.,1.));
#2488=DIRECTION('',(0.,1.,0.));
#2489=DIRECTION('',(0.,0.,-1.));
#2490=DIRECTION('',(0.,1.,0.));
#2491=DIRECTION('',(0.,0.,1.));
#2492=DIRECTION('',(0.,1.,0.));
#2493=DIRECTION('',(0.,0.,-1.));
#2494=DIRECTION('',(0.,1.,0.));
#2495=DIRECTION('',(0.,0.,1.));
#2496=DIRECTION('',(0.,1.,0.));
#2497=DIRECTION('',(0.,0.,-1.));
#2498=DIRECTION('',(0.,1.,0.));
#2499=DIRECTION('',(0.,0.,1.));
#2500=DIRECTION('',(0.,1.,0.));
#2501=DIRECTION('',(0.,0.,1.));
#2502=DIRECTION('',(0.,1.,0.));
#2503=DIRECTION('',(0.,0.,1.));
#2504=DIRECTION('',(0.,1.,0.));
#2505=DIRECTION('',(0.,0.,-1.));
#2506=DIRECTION('',(0.,1.,0.));
#2507=DIRECTION('',(0.,0.,1.));
#2508=DIRECTION('',(0.,1.,0.));
#2509=DIRECTION('',(0.,0.,-1.));
#2510=DIRECTION('',(0.,1.,0.));
#2511=DIRECTION('center_axis',(0.,-1.,0.));
#2512=DIRECTION('ref_axis',(1.,0.,0.));
#2513=DIRECTION('',(-1.,0.,0.));
#2514=DIRECTION('',(0.,0.,1.));
#2515=DIRECTION('',(1.,0.,0.));
#2516=DIRECTION('',(0.,0.,1.));
#2517=DIRECTION('center_axis',(0.,0.,1.));
#2518=DIRECTION('ref_axis',(1.,0.,0.));
#2519=DIRECTION('',(0.,1.,0.));
#2520=DIRECTION('',(1.,0.,0.));
#2521=DIRECTION('',(0.,-1.,0.));
#2522=DIRECTION('center_axis',(0.,-1.,0.));
#2523=DIRECTION('ref_axis',(1.,0.,0.));
#2524=DIRECTION('',(0.,0.,1.));
#2525=DIRECTION('',(0.,0.,-1.));
#2526=DIRECTION('',(1.,0.,0.));
#2527=DIRECTION('',(0.,0.,1.));
#2528=DIRECTION('',(1.,0.,0.));
#2529=DIRECTION('',(0.,0.,-1.));
#2530=DIRECTION('',(1.,0.,0.));
#2531=DIRECTION('',(1.,0.,0.));
#2532=DIRECTION('',(0.,0.,1.));
#2533=DIRECTION('',(1.,0.,0.));
#2534=DIRECTION('',(0.,0.,1.));
#2535=DIRECTION('',(1.,0.,0.));
#2536=DIRECTION('',(0.,0.,-1.));
#2537=DIRECTION('',(1.,0.,0.));
#2538=DIRECTION('',(0.,0.,1.));
#2539=DIRECTION('',(1.,0.,0.));
#2540=DIRECTION('',(0.,0.,-1.));
#2541=DIRECTION('',(1.,0.,0.));
#2542=DIRECTION('center_axis',(-1.,0.,0.));
#2543=DIRECTION('ref_axis',(0.,-1.,0.));
#2544=DIRECTION('',(0.,-1.,0.));
#2545=DIRECTION('',(0.,0.,1.));
#2546=DIRECTION('',(0.,-1.,0.));
#2547=DIRECTION('',(0.,0.,1.));
#2548=DIRECTION('center_axis',(0.,0.,1.));
#2549=DIRECTION('ref_axis',(1.,0.,0.));
#2550=DIRECTION('',(1.,0.,0.));
#2551=DIRECTION('',(0.,-1.,0.));
#2552=DIRECTION('',(-1.,0.,0.));
#2553=DIRECTION('center_axis',(-1.,0.,0.));
#2554=DIRECTION('ref_axis',(0.,-1.,0.));
#2555=DIRECTION('',(0.,0.,1.));
#2556=DIRECTION('',(0.,0.,-1.));
#2557=DIRECTION('',(0.,-1.,0.));
#2558=DIRECTION('',(0.,0.,1.));
#2559=DIRECTION('',(0.,-1.,0.));
#2560=DIRECTION('',(0.,0.,-1.));
#2561=DIRECTION('',(0.,-1.,0.));
#2562=DIRECTION('',(0.,-1.,0.));
#2563=DIRECTION('',(0.,0.,1.));
#2564=DIRECTION('',(0.,-1.,0.));
#2565=DIRECTION('',(0.,0.,1.));
#2566=DIRECTION('',(0.,-1.,0.));
#2567=DIRECTION('',(0.,0.,-1.));
#2568=DIRECTION('',(0.,-1.,0.));
#2569=DIRECTION('',(0.,0.,1.));
#2570=DIRECTION('',(0.,-1.,0.));
#2571=DIRECTION('',(0.,0.,-1.));
#2572=DIRECTION('',(0.,-1.,0.));
#2573=DIRECTION('',(0.,0.,1.));
#2574=DIRECTION('',(0.,-1.,0.));
#2575=DIRECTION('',(0.,0.,-1.));
#2576=DIRECTION('',(0.,-1.,0.));
#2577=DIRECTION('',(0.,0.,1.));
#2578=DIRECTION('',(0.,-1.,0.));
#2579=DIRECTION('',(0.,0.,-1.));
#2580=DIRECTION('',(0.,-1.,0.));
#2581=DIRECTION('center_axis',(-1.,0.,0.));
#2582=DIRECTION('ref_axis',(0.,-1.,0.));
#2583=DIRECTION('',(0.,-1.,0.));
#2584=DIRECTION('',(0.,0.,1.));
#2585=DIRECTION('',(0.,-1.,0.));
#2586=DIRECTION('',(0.,0.,1.));
#2587=DIRECTION('center_axis',(0.,0.,1.));
#2588=DIRECTION('ref_axis',(1.,0.,0.));
#2589=DIRECTION('',(1.,0.,0.));
#2590=DIRECTION('',(-1.,-1.14455981920119E-15,0.));
#2591=DIRECTION('center_axis',(0.,1.,0.));
#2592=DIRECTION('ref_axis',(-1.,0.,0.));
#2593=DIRECTION('',(-1.,0.,0.));
#2594=DIRECTION('',(0.,0.,1.));
#2595=DIRECTION('',(-1.,0.,0.));
#2596=DIRECTION('',(0.,0.,1.));
#2597=DIRECTION('center_axis',(0.,0.,1.));
#2598=DIRECTION('ref_axis',(1.,0.,0.));
#2599=DIRECTION('',(0.,-1.,0.));
#2600=DIRECTION('',(-1.,0.,0.));
#2601=DIRECTION('',(0.,1.,0.));
#2602=DIRECTION('center_axis',(0.,1.,0.));
#2603=DIRECTION('ref_axis',(-1.,0.,0.));
#2604=DIRECTION('',(0.,0.,1.));
#2605=DIRECTION('',(0.,0.,-1.));
#2606=DIRECTION('',(-1.,0.,0.));
#2607=DIRECTION('',(0.,0.,1.));
#2608=DIRECTION('',(-1.,0.,0.));
#2609=DIRECTION('',(0.,0.,-1.));
#2610=DIRECTION('',(-1.,0.,0.));
#2611=DIRECTION('',(0.,0.,1.));
#2612=DIRECTION('',(-1.,0.,0.));
#2613=DIRECTION('',(0.,0.,-1.));
#2614=DIRECTION('',(-1.,0.,0.));
#2615=DIRECTION('',(0.,0.,1.));
#2616=DIRECTION('',(-1.,0.,0.));
#2617=DIRECTION('',(0.,0.,-1.));
#2618=DIRECTION('',(-1.,0.,0.));
#2619=DIRECTION('',(-1.,0.,0.));
#2620=DIRECTION('',(-1.,0.,0.));
#2621=DIRECTION('center_axis',(0.,1.,0.));
#2622=DIRECTION('ref_axis',(-1.,0.,0.));
#2623=DIRECTION('',(-1.,0.,0.));
#2624=DIRECTION('',(0.,0.,1.));
#2625=DIRECTION('',(-1.,0.,0.));
#2626=DIRECTION('',(0.,0.,1.));
#2627=DIRECTION('center_axis',(0.,0.,1.));
#2628=DIRECTION('ref_axis',(1.,0.,0.));
#2629=DIRECTION('',(0.,-1.,0.));
#2630=DIRECTION('',(0.,1.,0.));
#2631=DIRECTION('center_axis',(1.,-4.75809867696496E-15,0.));
#2632=DIRECTION('ref_axis',(4.75809867696496E-15,1.,0.));
#2633=DIRECTION('',(4.75809867696496E-15,1.,0.));
#2634=DIRECTION('',(0.,0.,1.));
#2635=DIRECTION('',(4.75809867696496E-15,1.,0.));
#2636=DIRECTION('',(0.,0.,1.));
#2637=DIRECTION('center_axis',(0.,0.,1.));
#2638=DIRECTION('ref_axis',(1.,0.,0.));
#2639=DIRECTION('',(-1.,1.27611841910936E-15,0.));
#2640=DIRECTION('',(1.,0.,0.));
#2641=DIRECTION('center_axis',(-1.,0.,0.));
#2642=DIRECTION('ref_axis',(0.,-1.,0.));
#2643=DIRECTION('',(0.,-1.,0.));
#2644=DIRECTION('',(0.,0.,1.));
#2645=DIRECTION('',(0.,-1.,0.));
#2646=DIRECTION('',(0.,0.,1.));
#2647=DIRECTION('center_axis',(0.,0.,1.));
#2648=DIRECTION('ref_axis',(1.,0.,0.));
#2649=DIRECTION('',(-1.,0.,0.));
#2650=DIRECTION('',(1.,0.,0.));
#2651=DIRECTION('center_axis',(-1.,0.,0.));
#2652=DIRECTION('ref_axis',(0.,-1.,0.));
#2653=DIRECTION('',(0.,0.,1.));
#2654=DIRECTION('',(0.,-1.,0.));
#2655=DIRECTION('',(0.,0.,1.));
#2656=DIRECTION('center_axis',(0.,0.,1.));
#2657=DIRECTION('ref_axis',(1.,0.,0.));
#2658=DIRECTION('',(1.,-1.14455981920119E-15,0.));
#2659=DIRECTION('',(-1.,0.,0.));
#2660=DIRECTION('center_axis',(0.,-1.,0.));
#2661=DIRECTION('ref_axis',(1.,0.,0.));
#2662=DIRECTION('',(-1.,0.,0.));
#2663=DIRECTION('',(0.,0.,1.));
#2664=DIRECTION('',(1.,0.,0.));
#2665=DIRECTION('',(0.,0.,1.));
#2666=DIRECTION('center_axis',(0.,0.,1.));
#2667=DIRECTION('ref_axis',(1.,0.,0.));
#2668=DIRECTION('',(0.,1.,0.));
#2669=DIRECTION('',(0.,-1.,0.));
#2670=DIRECTION('center_axis',(1.,0.,0.));
#2671=DIRECTION('ref_axis',(0.,1.,0.));
#2672=DIRECTION('',(0.,1.,0.));
#2673=DIRECTION('',(0.,0.,1.));
#2674=DIRECTION('',(0.,1.,0.));
#2675=DIRECTION('',(0.,0.,1.));
#2676=DIRECTION('center_axis',(0.,0.,1.));
#2677=DIRECTION('ref_axis',(1.,0.,0.));
#2678=DIRECTION('',(1.,0.,0.));
#2679=DIRECTION('',(-1.,0.,0.));
#2680=DIRECTION('center_axis',(0.,-1.,0.));
#2681=DIRECTION('ref_axis',(1.,0.,0.));
#2682=DIRECTION('',(-1.,0.,0.));
#2683=DIRECTION('',(0.,0.,1.));
#2684=DIRECTION('',(1.,0.,0.));
#2685=DIRECTION('',(0.,0.,1.));
#2686=DIRECTION('center_axis',(0.,0.,1.));
#2687=DIRECTION('ref_axis',(1.,0.,0.));
#2688=DIRECTION('',(2.16840434497102E-16,1.,0.));
#2689=DIRECTION('',(-5.57832647176857E-15,-1.,0.));
#2690=DIRECTION('center_axis',(-1.,0.,0.));
#2691=DIRECTION('ref_axis',(0.,-1.,0.));
#2692=DIRECTION('',(0.,-1.,0.));
#2693=DIRECTION('',(0.,0.,1.));
#2694=DIRECTION('',(0.,-1.,0.));
#2695=DIRECTION('',(0.,0.,1.));
#2696=DIRECTION('center_axis',(0.,0.,1.));
#2697=DIRECTION('ref_axis',(1.,0.,0.));
#2698=DIRECTION('',(-1.,0.,0.));
#2699=DIRECTION('',(1.,0.,0.));
#2700=DIRECTION('center_axis',(1.,0.,0.));
#2701=DIRECTION('ref_axis',(0.,1.,0.));
#2702=DIRECTION('',(0.,1.,0.));
#2703=DIRECTION('',(0.,0.,1.));
#2704=DIRECTION('',(0.,1.,0.));
#2705=DIRECTION('',(0.,0.,1.));
#2706=DIRECTION('center_axis',(0.,0.,1.));
#2707=DIRECTION('ref_axis',(1.,0.,0.));
#2708=DIRECTION('',(-1.,0.,0.));
#2709=DIRECTION('',(1.,0.,0.));
#2710=DIRECTION('center_axis',(0.,1.,0.));
#2711=DIRECTION('ref_axis',(-1.,0.,0.));
#2712=DIRECTION('',(-1.,0.,0.));
#2713=DIRECTION('',(0.,0.,1.));
#2714=DIRECTION('',(-1.,0.,0.));
#2715=DIRECTION('',(0.,0.,1.));
#2716=DIRECTION('center_axis',(0.,0.,1.));
#2717=DIRECTION('ref_axis',(1.,0.,0.));
#2718=DIRECTION('',(0.,-1.,0.));
#2719=DIRECTION('',(0.,1.,0.));
#2720=DIRECTION('center_axis',(0.,1.,0.));
#2721=DIRECTION('ref_axis',(-1.,0.,0.));
#2722=DIRECTION('',(-1.,0.,0.));
#2723=DIRECTION('',(0.,0.,1.));
#2724=DIRECTION('',(-1.,0.,0.));
#2725=DIRECTION('',(0.,0.,1.));
#2726=DIRECTION('center_axis',(0.,0.,1.));
#2727=DIRECTION('ref_axis',(1.,0.,0.));
#2728=DIRECTION('',(0.,-1.,0.));
#2729=DIRECTION('',(-2.16840434497102E-16,1.,0.));
#2730=DIRECTION('center_axis',(1.,0.,0.));
#2731=DIRECTION('ref_axis',(0.,1.,0.));
#2732=DIRECTION('',(0.,1.,0.));
#2733=DIRECTION('',(0.,0.,1.));
#2734=DIRECTION('',(0.,1.,0.));
#2735=DIRECTION('',(0.,0.,1.));
#2736=DIRECTION('center_axis',(0.,0.,1.));
#2737=DIRECTION('ref_axis',(1.,0.,0.));
#2738=DIRECTION('',(-1.,0.,0.));
#2739=DIRECTION('',(1.,0.,0.));
#2740=DIRECTION('center_axis',(-1.,0.,0.));
#2741=DIRECTION('ref_axis',(0.,-1.,0.));
#2742=DIRECTION('',(0.,-1.,0.));
#2743=DIRECTION('',(0.,0.,1.));
#2744=DIRECTION('',(0.,-1.,0.));
#2745=DIRECTION('',(0.,0.,1.));
#2746=DIRECTION('center_axis',(0.,0.,1.));
#2747=DIRECTION('ref_axis',(1.,0.,0.));
#2748=DIRECTION('',(-1.,0.,0.));
#2749=DIRECTION('',(1.,0.,0.));
#2750=DIRECTION('center_axis',(0.,-1.,0.));
#2751=DIRECTION('ref_axis',(1.,0.,0.));
#2752=DIRECTION('',(0.,0.,1.));
#2753=DIRECTION('',(1.,0.,0.));
#2754=DIRECTION('',(0.,0.,1.));
#2755=DIRECTION('center_axis',(0.,0.,1.));
#2756=DIRECTION('ref_axis',(1.,0.,0.));
#2757=DIRECTION('',(0.,1.,0.));
#2758=DIRECTION('',(0.,-1.,0.));
#2759=DIRECTION('center_axis',(1.,4.75809867696496E-15,0.));
#2760=DIRECTION('ref_axis',(-4.75809867696496E-15,1.,0.));
#2761=DIRECTION('',(4.75809867696496E-15,-1.,0.));
#2762=DIRECTION('',(0.,0.,1.));
#2763=DIRECTION('',(-4.75809867696496E-15,1.,0.));
#2764=DIRECTION('',(0.,0.,1.));
#2765=DIRECTION('center_axis',(0.,0.,1.));
#2766=DIRECTION('ref_axis',(1.,0.,0.));
#2767=DIRECTION('',(-1.,-2.94488865948317E-16,0.));
#2768=DIRECTION('',(1.,1.27611841910936E-15,0.));
#2769=DIRECTION('center_axis',(1.,0.,0.));
#2770=DIRECTION('ref_axis',(0.,1.,0.));
#2771=DIRECTION('',(0.,-1.,0.));
#2772=DIRECTION('',(0.,0.,1.));
#2773=DIRECTION('',(0.,1.,0.));
#2774=DIRECTION('center_axis',(0.,-1.,0.));
#2775=DIRECTION('ref_axis',(1.,0.,0.));
#2776=DIRECTION('',(1.,0.,0.));
#2777=DIRECTION('',(0.,0.,1.));
#2778=DIRECTION('',(1.,0.,0.));
#2779=DIRECTION('center_axis',(-1.,-2.16840434497102E-16,0.));
#2780=DIRECTION('ref_axis',(2.16840434497102E-16,-1.,0.));
#2781=DIRECTION('',(-2.16840434497102E-16,1.,0.));
#2782=DIRECTION('',(2.16840434497102E-16,-1.,0.));
#2783=DIRECTION('center_axis',(0.,0.,1.));
#2784=DIRECTION('ref_axis',(1.,0.,0.));
#2785=DIRECTION('center_axis',(-1.,0.,0.));
#2786=DIRECTION('ref_axis',(0.,-1.,0.));
#2787=DIRECTION('',(0.,-1.,0.));
#2788=DIRECTION('',(0.,0.,1.));
#2789=DIRECTION('',(0.,-1.,0.));
#2790=DIRECTION('center_axis',(-1.27611841910936E-15,1.,0.));
#2791=DIRECTION('ref_axis',(-1.,-1.27611841910936E-15,0.));
#2792=DIRECTION('',(-1.,-1.27611841910936E-15,0.));
#2793=DIRECTION('',(-1.,-1.27611841910936E-15,0.));
#2794=DIRECTION('center_axis',(0.,0.,1.));
#2795=DIRECTION('ref_axis',(1.,0.,0.));
#2796=DIRECTION('center_axis',(0.,1.,0.));
#2797=DIRECTION('ref_axis',(-1.,0.,0.));
#2798=DIRECTION('',(1.,0.,0.));
#2799=DIRECTION('',(-1.,0.,0.));
#2800=DIRECTION('center_axis',(2.94488865948317E-16,-1.,0.));
#2801=DIRECTION('ref_axis',(1.,2.94488865948317E-16,0.));
#2802=DIRECTION('',(1.,2.94488865948317E-16,0.));
#2803=DIRECTION('',(0.,0.,1.));
#2804=DIRECTION('',(1.,2.94488865948317E-16,0.));
#2805=DIRECTION('center_axis',(1.,-5.57832647176857E-15,0.));
#2806=DIRECTION('ref_axis',(5.57832647176857E-15,1.,0.));
#2807=DIRECTION('',(5.57832647176857E-15,1.,0.));
#2808=DIRECTION('',(5.57832647176857E-15,1.,0.));
#2809=DIRECTION('center_axis',(-1.,0.,0.));
#2810=DIRECTION('ref_axis',(0.,-1.,0.));
#2811=DIRECTION('',(0.,0.,1.));
#2812=DIRECTION('',(0.,-1.,0.));
#2813=DIRECTION('center_axis',(-1.11022302462526E-13,1.,0.));
#2814=DIRECTION('ref_axis',(-1.,-1.11022302462526E-13,0.));
#2815=DIRECTION('',(-1.,-1.11022302462526E-13,0.));
#2816=DIRECTION('center_axis',(0.,-1.,0.));
#2817=DIRECTION('ref_axis',(1.,0.,0.));
#2818=DIRECTION('',(1.,0.,0.));
#2819=DIRECTION('center_axis',(0.,0.,1.));
#2820=DIRECTION('ref_axis',(1.,0.,0.));
#2821=DIRECTION('center_axis',(0.,1.,0.));
#2822=DIRECTION('ref_axis',(-1.,0.,0.));
#2823=DIRECTION('',(1.,0.,0.));
#2824=DIRECTION('',(-1.,0.,0.));
#2825=DIRECTION('center_axis',(0.,-1.,0.));
#2826=DIRECTION('ref_axis',(1.,0.,0.));
#2827=DIRECTION('',(-1.,0.,0.));
#2828=DIRECTION('',(1.,0.,0.));
#2829=DIRECTION('center_axis',(0.,0.,1.));
#2830=DIRECTION('ref_axis',(1.,0.,0.));
#2831=DIRECTION('center_axis',(1.14455981920119E-15,1.,0.));
#2832=DIRECTION('ref_axis',(-1.,1.14455981920119E-15,0.));
#2833=DIRECTION('',(0.,0.,1.));
#2834=DIRECTION('',(-1.,1.14455981920119E-15,0.));
#2835=DIRECTION('center_axis',(1.,0.,0.));
#2836=DIRECTION('ref_axis',(0.,1.,0.));
#2837=DIRECTION('',(0.,1.,0.));
#2838=DIRECTION('center_axis',(0.,0.,1.));
#2839=DIRECTION('ref_axis',(1.,0.,0.));
#2840=DIRECTION('center_axis',(0.,1.,0.));
#2841=DIRECTION('ref_axis',(-1.,0.,0.));
#2842=DIRECTION('',(1.,0.,0.));
#2843=DIRECTION('',(-1.,0.,0.));
#2844=DIRECTION('center_axis',(0.,-1.,0.));
#2845=DIRECTION('ref_axis',(1.,0.,0.));
#2846=DIRECTION('',(-1.,0.,0.));
#2847=DIRECTION('',(1.,0.,0.));
#2848=DIRECTION('center_axis',(0.,0.,1.));
#2849=DIRECTION('ref_axis',(1.,0.,0.));
#2850=DIRECTION('center_axis',(1.,0.,0.));
#2851=DIRECTION('ref_axis',(0.,1.,0.));
#2852=DIRECTION('',(0.,1.,0.));
#2853=DIRECTION('',(0.,0.,1.));
#2854=DIRECTION('',(0.,1.,0.));
#2855=DIRECTION('center_axis',(0.,-1.,0.));
#2856=DIRECTION('ref_axis',(1.,0.,0.));
#2857=DIRECTION('',(1.,0.,0.));
#2858=DIRECTION('',(0.,0.,1.));
#2859=DIRECTION('',(1.,0.,0.));
#2860=DIRECTION('center_axis',(-1.,0.,0.));
#2861=DIRECTION('ref_axis',(0.,-1.,0.));
#2862=DIRECTION('',(0.,-1.,0.));
#2863=DIRECTION('',(0.,-1.,0.));
#2864=DIRECTION('center_axis',(0.,0.,1.));
#2865=DIRECTION('ref_axis',(1.,0.,0.));
#2866=DIRECTION('center_axis',(1.,0.,0.));
#2867=DIRECTION('ref_axis',(0.,1.,0.));
#2868=DIRECTION('',(0.,-1.,0.));
#2869=DIRECTION('',(0.,0.,1.));
#2870=DIRECTION('',(0.,1.,0.));
#2871=DIRECTION('center_axis',(0.,-1.,0.));
#2872=DIRECTION('ref_axis',(1.,0.,0.));
#2873=DIRECTION('',(1.,0.,0.));
#2874=DIRECTION('',(0.,0.,1.));
#2875=DIRECTION('',(1.,0.,0.));
#2876=DIRECTION('center_axis',(-1.,0.,0.));
#2877=DIRECTION('ref_axis',(0.,-1.,0.));
#2878=DIRECTION('',(0.,-1.,0.));
#2879=DIRECTION('',(0.,-1.,0.));
#2880=DIRECTION('center_axis',(0.,0.,1.));
#2881=DIRECTION('ref_axis',(1.,0.,0.));
#2882=DIRECTION('center_axis',(-1.,0.,0.));
#2883=DIRECTION('ref_axis',(0.,-1.,0.));
#2884=DIRECTION('',(0.,-1.,0.));
#2885=DIRECTION('',(0.,0.,1.));
#2886=DIRECTION('',(0.,-1.,0.));
#2887=DIRECTION('center_axis',(0.,1.,0.));
#2888=DIRECTION('ref_axis',(-1.,0.,0.));
#2889=DIRECTION('',(-1.,0.,0.));
#2890=DIRECTION('',(0.,0.,1.));
#2891=DIRECTION('',(-1.,0.,0.));
#2892=DIRECTION('center_axis',(1.,0.,0.));
#2893=DIRECTION('ref_axis',(0.,1.,0.));
#2894=DIRECTION('',(0.,1.,0.));
#2895=DIRECTION('',(0.,1.,0.));
#2896=DIRECTION('center_axis',(0.,0.,1.));
#2897=DIRECTION('ref_axis',(1.,0.,0.));
#2898=DIRECTION('center_axis',(0.,1.,0.));
#2899=DIRECTION('ref_axis',(-1.,0.,0.));
#2900=DIRECTION('',(1.,0.,0.));
#2901=DIRECTION('',(-1.,0.,0.));
#2902=DIRECTION('center_axis',(0.,-1.,0.));
#2903=DIRECTION('ref_axis',(1.,0.,0.));
#2904=DIRECTION('',(-1.,0.,0.));
#2905=DIRECTION('',(1.,0.,0.));
#2906=DIRECTION('center_axis',(0.,0.,1.));
#2907=DIRECTION('ref_axis',(1.,0.,0.));
#2908=DIRECTION('center_axis',(0.,1.,0.));
#2909=DIRECTION('ref_axis',(-1.,0.,0.));
#2910=DIRECTION('',(1.,0.,0.));
#2911=DIRECTION('',(-1.,0.,0.));
#2912=DIRECTION('center_axis',(0.,-1.,0.));
#2913=DIRECTION('ref_axis',(1.,0.,0.));
#2914=DIRECTION('',(-1.,0.,0.));
#2915=DIRECTION('',(1.,0.,0.));
#2916=DIRECTION('center_axis',(0.,0.,1.));
#2917=DIRECTION('ref_axis',(1.,0.,0.));
#2918=DIRECTION('center_axis',(-1.,2.16840434497102E-16,0.));
#2919=DIRECTION('ref_axis',(-2.16840434497102E-16,-1.,0.));
#2920=DIRECTION('',(-2.16840434497102E-16,-1.,0.));
#2921=DIRECTION('',(0.,0.,1.));
#2922=DIRECTION('',(-2.16840434497102E-16,-1.,0.));
#2923=DIRECTION('center_axis',(0.,1.,0.));
#2924=DIRECTION('ref_axis',(-1.,0.,0.));
#2925=DIRECTION('',(-1.,0.,0.));
#2926=DIRECTION('',(0.,0.,1.));
#2927=DIRECTION('',(-1.,0.,0.));
#2928=DIRECTION('center_axis',(1.,0.,0.));
#2929=DIRECTION('ref_axis',(0.,1.,0.));
#2930=DIRECTION('',(0.,1.,0.));
#2931=DIRECTION('',(0.,1.,0.));
#2932=DIRECTION('center_axis',(0.,0.,1.));
#2933=DIRECTION('ref_axis',(1.,0.,0.));
#2934=DIRECTION('center_axis',(-1.27611841910936E-15,-1.,0.));
#2935=DIRECTION('ref_axis',(1.,-1.27611841910936E-15,0.));
#2936=DIRECTION('',(-1.,1.27611841910936E-15,0.));
#2937=DIRECTION('',(0.,0.,1.));
#2938=DIRECTION('',(1.,-1.27611841910936E-15,0.));
#2939=DIRECTION('center_axis',(-1.,0.,0.));
#2940=DIRECTION('ref_axis',(0.,-1.,0.));
#2941=DIRECTION('',(0.,-1.,0.));
#2942=DIRECTION('',(0.,-1.,0.));
#2943=DIRECTION('center_axis',(0.,0.,1.));
#2944=DIRECTION('ref_axis',(1.,0.,0.));
#2945=DIRECTION('center_axis',(1.,0.,0.));
#2946=DIRECTION('ref_axis',(0.,1.,0.));
#2947=DIRECTION('',(0.,-1.,0.));
#2948=DIRECTION('',(0.,0.,1.));
#2949=DIRECTION('',(0.,1.,0.));
#2950=DIRECTION('center_axis',(1.14455981920119E-15,-1.,0.));
#2951=DIRECTION('ref_axis',(1.,1.14455981920119E-15,0.));
#2952=DIRECTION('',(1.,1.14455981920119E-15,0.));
#2953=DIRECTION('',(1.,1.14455981920119E-15,0.));
#2954=DIRECTION('center_axis',(0.,0.,1.));
#2955=DIRECTION('ref_axis',(1.,0.,0.));
#2956=DIRECTION('center_axis',(0.,0.,1.));
#2957=DIRECTION('ref_axis',(1.,0.,0.));
#2958=DIRECTION('center_axis',(0.,0.,1.));
#2959=DIRECTION('ref_axis',(1.,0.,0.));
#2960=DIRECTION('center_axis',(0.,0.,1.));
#2961=DIRECTION('ref_axis',(1.,0.,0.));
#2962=DIRECTION('center_axis',(0.,0.,1.));
#2963=DIRECTION('ref_axis',(1.,0.,0.));
#2964=DIRECTION('center_axis',(0.,0.,1.));
#2965=DIRECTION('ref_axis',(1.,0.,0.));
#2966=DIRECTION('center_axis',(0.,0.,-1.));
#2967=DIRECTION('ref_axis',(-1.,0.,0.));
#2968=DIRECTION('center_axis',(0.,0.,-1.));
#2969=DIRECTION('ref_axis',(-1.,0.,0.));
#2970=DIRECTION('',(0.,0.,-1.));
#2971=DIRECTION('center_axis',(0.,0.,-1.));
#2972=DIRECTION('ref_axis',(-1.,0.,0.));
#2973=DIRECTION('center_axis',(0.,0.,1.));
#2974=DIRECTION('ref_axis',(-1.,0.,0.));
#2975=DIRECTION('center_axis',(-1.,0.,0.));
#2976=DIRECTION('ref_axis',(0.,-1.,0.));
#2977=DIRECTION('',(0.,1.,0.));
#2978=DIRECTION('',(0.,0.,1.));
#2979=DIRECTION('',(0.,-1.,0.));
#2980=DIRECTION('',(0.,0.,1.));
#2981=DIRECTION('center_axis',(0.,1.,0.));
#2982=DIRECTION('ref_axis',(-1.,0.,0.));
#2983=DIRECTION('',(1.,0.,0.));
#2984=DIRECTION('',(-1.,0.,0.));
#2985=DIRECTION('',(0.,0.,1.));
#2986=DIRECTION('center_axis',(1.,0.,0.));
#2987=DIRECTION('ref_axis',(0.,1.,0.));
#2988=DIRECTION('',(0.,-1.,0.));
#2989=DIRECTION('',(0.,1.,0.));
#2990=DIRECTION('',(0.,0.,1.));
#2991=DIRECTION('center_axis',(0.,-1.,0.));
#2992=DIRECTION('ref_axis',(1.,0.,0.));
#2993=DIRECTION('',(-1.,0.,0.));
#2994=DIRECTION('',(1.,0.,0.));
#2995=DIRECTION('center_axis',(0.,0.,1.));
#2996=DIRECTION('ref_axis',(1.,0.,0.));
#2997=DIRECTION('center_axis',(0.,0.,1.));
#2998=DIRECTION('ref_axis',(1.,0.,0.));
#2999=DIRECTION('center_axis',(0.,0.,1.));
#3000=DIRECTION('ref_axis',(1.,0.,0.));
#3001=CARTESIAN_POINT('',(0.,0.,0.));
#3002=CARTESIAN_POINT('Origin',(-0.840000000000001,-2.075,0.));
#3003=CARTESIAN_POINT('',(-0.765000000000001,-2.15,0.));
#3004=CARTESIAN_POINT('',(-0.915,-2.,0.));
#3005=CARTESIAN_POINT('',(-1.14875,-1.76625,0.));
#3006=CARTESIAN_POINT('',(-0.915,-2.,0.001));
#3007=CARTESIAN_POINT('',(-0.915,-2.,0.));
#3008=CARTESIAN_POINT('',(-0.765000000000001,-2.15,0.001));
#3009=CARTESIAN_POINT('',(-0.66125,-2.25375,0.001));
#3010=CARTESIAN_POINT('',(-0.765000000000001,-2.15,0.));
#3011=CARTESIAN_POINT('Origin',(0.,0.,0.));
#3012=CARTESIAN_POINT('',(-0.765000000000001,-2.35,0.));
#3013=CARTESIAN_POINT('',(-0.765000000000001,-1.,0.));
#3014=CARTESIAN_POINT('',(-0.775,-2.35,0.));
#3015=CARTESIAN_POINT('',(-0.38249999999987,-2.34999999999996,0.));
#3016=CARTESIAN_POINT('',(-0.775,-2.51,0.));
#3017=CARTESIAN_POINT('',(-0.775,-2.35,0.));
#3018=CARTESIAN_POINT('',(-1.025,-2.51,0.));
#3019=CARTESIAN_POINT('',(-0.775,-2.51,0.));
#3020=CARTESIAN_POINT('',(-1.025,-2.35,0.));
#3021=CARTESIAN_POINT('',(-1.025,-2.51,0.));
#3022=CARTESIAN_POINT('',(-1.51,-2.35,0.));
#3023=CARTESIAN_POINT('',(-1.025,-2.35,0.));
#3024=CARTESIAN_POINT('',(-1.51,-2.,0.));
#3025=CARTESIAN_POINT('',(-1.51,-2.35,0.));
#3026=CARTESIAN_POINT('',(-1.51,-2.,0.));
#3027=CARTESIAN_POINT('Origin',(-0.765000000000001,-2.,0.));
#3028=CARTESIAN_POINT('',(-0.765000000000001,-2.35,0.001));
#3029=CARTESIAN_POINT('',(-0.765000000000001,-2.,0.001));
#3030=CARTESIAN_POINT('',(-0.765000000000001,-2.35,0.));
#3031=CARTESIAN_POINT('Origin',(1.51,-0.55,0.));
#3032=CARTESIAN_POINT('',(1.51,-0.55,0.));
#3033=CARTESIAN_POINT('',(1.51,-0.3,0.));
#3034=CARTESIAN_POINT('',(1.51,-0.55,0.));
#3035=CARTESIAN_POINT('',(1.51,-0.3,0.25));
#3036=CARTESIAN_POINT('',(1.51,-0.3,0.));
#3037=CARTESIAN_POINT('',(1.51,-0.55,0.25));
#3038=CARTESIAN_POINT('',(1.51,-0.55,0.25));
#3039=CARTESIAN_POINT('',(1.51,-0.55,0.));
#3040=CARTESIAN_POINT('Origin',(1.505,-0.425,0.25));
#3041=CARTESIAN_POINT('',(1.5,-0.3,0.25));
#3042=CARTESIAN_POINT('',(1.51,-0.3,0.25));
#3043=CARTESIAN_POINT('',(1.5,-0.55,0.25));
#3044=CARTESIAN_POINT('',(1.5,-1.4625,0.25));
#3045=CARTESIAN_POINT('',(-1.51,-0.55,0.25));
#3046=CARTESIAN_POINT('Origin',(1.5,-2.5,0.));
#3047=CARTESIAN_POINT('',(1.5,-0.55,0.001));
#3048=CARTESIAN_POINT('',(1.5,-0.55,0.));
#3049=CARTESIAN_POINT('',(1.5,-0.3,0.001));
#3050=CARTESIAN_POINT('',(1.5,-0.3,0.));
#3051=CARTESIAN_POINT('',(1.5,0.3,0.001));
#3052=CARTESIAN_POINT('',(1.5,-1.25,0.001));
#3053=CARTESIAN_POINT('',(1.5,0.3,0.25));
#3054=CARTESIAN_POINT('',(1.5,0.3,0.));
#3055=CARTESIAN_POINT('',(1.5,0.55,0.25));
#3056=CARTESIAN_POINT('',(1.5,-1.0375,0.25));
#3057=CARTESIAN_POINT('',(1.5,0.55,0.001));
#3058=CARTESIAN_POINT('',(1.5,0.55,0.));
#3059=CARTESIAN_POINT('',(1.5,1.15,0.001));
#3060=CARTESIAN_POINT('',(1.5,-0.825,0.001));
#3061=CARTESIAN_POINT('',(1.5,1.15,0.25));
#3062=CARTESIAN_POINT('',(1.5,1.15,0.));
#3063=CARTESIAN_POINT('',(1.5,1.4,0.25));
#3064=CARTESIAN_POINT('',(1.5,-0.6125,0.25));
#3065=CARTESIAN_POINT('',(1.5,1.4,0.001));
#3066=CARTESIAN_POINT('',(1.5,1.4,0.));
#3067=CARTESIAN_POINT('',(1.5,2.,0.001));
#3068=CARTESIAN_POINT('',(1.5,-0.4,0.001));
#3069=CARTESIAN_POINT('',(1.5,2.,0.25));
#3070=CARTESIAN_POINT('',(1.5,2.,0.));
#3071=CARTESIAN_POINT('',(1.5,2.35,0.25));
#3072=CARTESIAN_POINT('',(1.5,-0.1625,0.25));
#3073=CARTESIAN_POINT('',(1.5,2.35,0.001));
#3074=CARTESIAN_POINT('',(1.5,2.35,0.));
#3075=CARTESIAN_POINT('',(1.5,2.5,0.001));
#3076=CARTESIAN_POINT('',(1.5,-0.0375,0.001));
#3077=CARTESIAN_POINT('',(1.5,2.5,0.6));
#3078=CARTESIAN_POINT('',(1.5,2.5,0.));
#3079=CARTESIAN_POINT('',(1.5,-2.5,0.6));
#3080=CARTESIAN_POINT('',(1.5,2.5,0.6));
#3081=CARTESIAN_POINT('',(1.5,-2.5,0.001));
#3082=CARTESIAN_POINT('',(1.5,-2.5,0.));
#3083=CARTESIAN_POINT('',(1.5,-2.35,0.001));
#3084=CARTESIAN_POINT('',(1.5,-2.4625,0.001));
#3085=CARTESIAN_POINT('',(1.5,-2.35,0.25));
#3086=CARTESIAN_POINT('',(1.5,-2.35,0.));
#3087=CARTESIAN_POINT('',(1.5,-2.,0.25));
#3088=CARTESIAN_POINT('',(1.5,-2.3375,0.25));
#3089=CARTESIAN_POINT('',(1.5,-2.,0.001));
#3090=CARTESIAN_POINT('',(1.5,-2.,0.));
#3091=CARTESIAN_POINT('',(1.5,-1.4,0.001));
#3092=CARTESIAN_POINT('',(1.5,-2.225,0.001));
#3093=CARTESIAN_POINT('',(1.5,-1.4,0.25));
#3094=CARTESIAN_POINT('',(1.5,-1.4,0.));
#3095=CARTESIAN_POINT('',(1.5,-1.15,0.25));
#3096=CARTESIAN_POINT('',(1.5,-1.8875,0.25));
#3097=CARTESIAN_POINT('',(1.5,-1.15,0.001));
#3098=CARTESIAN_POINT('',(1.5,-1.15,0.));
#3099=CARTESIAN_POINT('',(1.5,-1.675,0.001));
#3100=CARTESIAN_POINT('Origin',(0.175,-2.51,0.));
#3101=CARTESIAN_POINT('',(0.425,-2.51,0.));
#3102=CARTESIAN_POINT('',(0.175,-2.51,0.));
#3103=CARTESIAN_POINT('',(0.425,-2.51,0.));
#3104=CARTESIAN_POINT('',(0.425,-2.51,0.25));
#3105=CARTESIAN_POINT('',(0.425,-2.51,0.));
#3106=CARTESIAN_POINT('',(0.175,-2.51,0.25));
#3107=CARTESIAN_POINT('',(0.425,-2.51,0.25));
#3108=CARTESIAN_POINT('',(0.175,-2.51,0.));
#3109=CARTESIAN_POINT('Origin',(0.3,-2.505,0.25));
#3110=CARTESIAN_POINT('',(0.425,-2.5,0.25));
#3111=CARTESIAN_POINT('',(0.425,-2.35,0.25));
#3112=CARTESIAN_POINT('',(0.175,-2.5,0.25));
#3113=CARTESIAN_POINT('',(-0.6,-2.5,0.25));
#3114=CARTESIAN_POINT('',(0.175,-2.51,0.25));
#3115=CARTESIAN_POINT('Origin',(-1.5,-2.5,0.));
#3116=CARTESIAN_POINT('',(0.175,-2.5,0.001));
#3117=CARTESIAN_POINT('',(0.175,-2.5,0.));
#3118=CARTESIAN_POINT('',(0.425,-2.5,0.001));
#3119=CARTESIAN_POINT('',(0.425,-2.5,0.));
#3120=CARTESIAN_POINT('',(0.825,-2.5,0.001));
#3121=CARTESIAN_POINT('',(-0.4375,-2.5,0.001));
#3122=CARTESIAN_POINT('',(0.825,-2.5,0.25));
#3123=CARTESIAN_POINT('',(0.825,-2.5,0.));
#3124=CARTESIAN_POINT('',(1.075,-2.5,0.25));
#3125=CARTESIAN_POINT('',(-0.275,-2.5,0.25));
#3126=CARTESIAN_POINT('',(1.075,-2.5,0.001));
#3127=CARTESIAN_POINT('',(1.075,-2.5,0.));
#3128=CARTESIAN_POINT('',(-0.10625,-2.5,0.001));
#3129=CARTESIAN_POINT('',(-1.5,-2.5,0.6));
#3130=CARTESIAN_POINT('',(1.5,-2.5,0.6));
#3131=CARTESIAN_POINT('',(-1.5,-2.5,0.001));
#3132=CARTESIAN_POINT('',(-1.5,-2.5,0.));
#3133=CARTESIAN_POINT('',(-1.025,-2.5,0.001));
#3134=CARTESIAN_POINT('',(-1.38125,-2.5,0.001));
#3135=CARTESIAN_POINT('',(-1.025,-2.5,0.25));
#3136=CARTESIAN_POINT('',(-1.025,-2.5,0.));
#3137=CARTESIAN_POINT('',(-0.775,-2.5,0.25));
#3138=CARTESIAN_POINT('',(-1.2,-2.5,0.25));
#3139=CARTESIAN_POINT('',(-0.775,-2.5,0.001));
#3140=CARTESIAN_POINT('',(-0.775,-2.5,0.));
#3141=CARTESIAN_POINT('',(-0.375,-2.5,0.001));
#3142=CARTESIAN_POINT('',(-0.75,-2.5,0.001));
#3143=CARTESIAN_POINT('',(-0.375,-2.5,0.25));
#3144=CARTESIAN_POINT('',(-0.375,-2.5,0.));
#3145=CARTESIAN_POINT('',(-0.125,-2.5,0.25));
#3146=CARTESIAN_POINT('',(-0.875,-2.5,0.25));
#3147=CARTESIAN_POINT('',(-0.125,-2.5,0.001));
#3148=CARTESIAN_POINT('',(-0.125,-2.5,0.));
#3149=CARTESIAN_POINT('',(-0.7375,-2.5,0.001));
#3150=CARTESIAN_POINT('Origin',(-1.51,-1.15,0.));
#3151=CARTESIAN_POINT('',(-1.51,-1.15,0.));
#3152=CARTESIAN_POINT('',(-1.51,-1.4,0.));
#3153=CARTESIAN_POINT('',(-1.51,-1.15,0.));
#3154=CARTESIAN_POINT('',(-1.51,-1.4,0.25));
#3155=CARTESIAN_POINT('',(-1.51,-1.4,0.));
#3156=CARTESIAN_POINT('',(-1.51,-1.15,0.25));
#3157=CARTESIAN_POINT('',(-1.51,-1.15,0.25));
#3158=CARTESIAN_POINT('',(-1.51,-1.15,0.));
#3159=CARTESIAN_POINT('Origin',(-1.505,-1.275,0.25));
#3160=CARTESIAN_POINT('',(-1.5,-1.4,0.25));
#3161=CARTESIAN_POINT('',(-1.51,-1.4,0.25));
#3162=CARTESIAN_POINT('',(-1.5,-1.15,0.25));
#3163=CARTESIAN_POINT('',(-1.5,0.6125,0.25));
#3164=CARTESIAN_POINT('',(1.51,-1.15,0.25));
#3165=CARTESIAN_POINT('Origin',(-1.5,2.5,0.));
#3166=CARTESIAN_POINT('',(-1.5,-1.15,0.001));
#3167=CARTESIAN_POINT('',(-1.5,-1.15,0.));
#3168=CARTESIAN_POINT('',(-1.5,-1.4,0.001));
#3169=CARTESIAN_POINT('',(-1.5,-1.4,0.));
#3170=CARTESIAN_POINT('',(-1.5,-2.,0.001));
#3171=CARTESIAN_POINT('',(-1.5,0.275,0.001));
#3172=CARTESIAN_POINT('',(-1.5,-2.,0.25));
#3173=CARTESIAN_POINT('',(-1.5,-2.,0.));
#3174=CARTESIAN_POINT('',(-1.5,-2.35,0.25));
#3175=CARTESIAN_POINT('',(-1.5,0.1625,0.25));
#3176=CARTESIAN_POINT('',(-1.5,-2.35,0.001));
#3177=CARTESIAN_POINT('',(-1.5,-2.35,0.));
#3178=CARTESIAN_POINT('',(-1.5,0.0375,0.001));
#3179=CARTESIAN_POINT('',(-1.5,2.5,0.6));
#3180=CARTESIAN_POINT('',(-1.5,-2.5,0.6));
#3181=CARTESIAN_POINT('',(-1.5,2.5,0.001));
#3182=CARTESIAN_POINT('',(-1.5,2.5,0.));
#3183=CARTESIAN_POINT('',(-1.5,2.35,0.001));
#3184=CARTESIAN_POINT('',(-1.5,2.4625,0.001));
#3185=CARTESIAN_POINT('',(-1.5,2.35,0.25));
#3186=CARTESIAN_POINT('',(-1.5,2.35,0.));
#3187=CARTESIAN_POINT('',(-1.5,2.,0.25));
#3188=CARTESIAN_POINT('',(-1.5,2.3375,0.25));
#3189=CARTESIAN_POINT('',(-1.5,2.,0.001));
#3190=CARTESIAN_POINT('',(-1.5,2.,0.));
#3191=CARTESIAN_POINT('',(-1.5,1.4,0.001));
#3192=CARTESIAN_POINT('',(-1.5,2.1,0.001));
#3193=CARTESIAN_POINT('',(-1.5,1.4,0.25));
#3194=CARTESIAN_POINT('',(-1.5,1.4,0.));
#3195=CARTESIAN_POINT('',(-1.5,1.15,0.25));
#3196=CARTESIAN_POINT('',(-1.5,1.8875,0.25));
#3197=CARTESIAN_POINT('',(-1.5,1.15,0.001));
#3198=CARTESIAN_POINT('',(-1.5,1.15,0.));
#3199=CARTESIAN_POINT('',(-1.5,0.55,0.001));
#3200=CARTESIAN_POINT('',(-1.5,1.675,0.001));
#3201=CARTESIAN_POINT('',(-1.5,0.55,0.25));
#3202=CARTESIAN_POINT('',(-1.5,0.55,0.));
#3203=CARTESIAN_POINT('',(-1.5,0.3,0.25));
#3204=CARTESIAN_POINT('',(-1.5,1.4625,0.25));
#3205=CARTESIAN_POINT('',(-1.5,0.3,0.001));
#3206=CARTESIAN_POINT('',(-1.5,0.3,0.));
#3207=CARTESIAN_POINT('',(-1.5,-0.3,0.001));
#3208=CARTESIAN_POINT('',(-1.5,1.25,0.001));
#3209=CARTESIAN_POINT('',(-1.5,-0.3,0.25));
#3210=CARTESIAN_POINT('',(-1.5,-0.3,0.));
#3211=CARTESIAN_POINT('',(-1.5,-0.55,0.25));
#3212=CARTESIAN_POINT('',(-1.5,1.0375,0.25));
#3213=CARTESIAN_POINT('',(-1.5,-0.55,0.001));
#3214=CARTESIAN_POINT('',(-1.5,-0.55,0.));
#3215=CARTESIAN_POINT('',(-1.5,0.825,0.001));
#3216=CARTESIAN_POINT('Origin',(-1.51,2.35,0.));
#3217=CARTESIAN_POINT('',(-1.51,2.35,0.));
#3218=CARTESIAN_POINT('',(-1.51,2.,0.));
#3219=CARTESIAN_POINT('',(-1.51,2.35,0.));
#3220=CARTESIAN_POINT('',(-1.51,2.,0.25));
#3221=CARTESIAN_POINT('',(-1.51,2.,0.));
#3222=CARTESIAN_POINT('',(-1.51,2.35,0.25));
#3223=CARTESIAN_POINT('',(-1.51,2.35,0.25));
#3224=CARTESIAN_POINT('',(-1.51,2.35,0.));
#3225=CARTESIAN_POINT('Origin',(-1.505,2.175,0.25));
#3226=CARTESIAN_POINT('',(-1.51,2.,0.25));
#3227=CARTESIAN_POINT('',(-1.025,2.35,0.25));
#3228=CARTESIAN_POINT('Origin',(1.075,2.51,0.));
#3229=CARTESIAN_POINT('',(1.075,2.51,0.));
#3230=CARTESIAN_POINT('',(0.825,2.51,0.));
#3231=CARTESIAN_POINT('',(1.075,2.51,0.));
#3232=CARTESIAN_POINT('',(0.825,2.51,0.25));
#3233=CARTESIAN_POINT('',(0.825,2.51,0.));
#3234=CARTESIAN_POINT('',(1.075,2.51,0.25));
#3235=CARTESIAN_POINT('',(1.075,2.51,0.25));
#3236=CARTESIAN_POINT('',(1.075,2.51,0.));
#3237=CARTESIAN_POINT('Origin',(0.95,2.505,0.25));
#3238=CARTESIAN_POINT('',(0.825,2.5,0.25));
#3239=CARTESIAN_POINT('',(0.825,2.51,0.25));
#3240=CARTESIAN_POINT('',(1.075,2.5,0.25));
#3241=CARTESIAN_POINT('',(1.225,2.5,0.25));
#3242=CARTESIAN_POINT('',(1.075,2.35,0.25));
#3243=CARTESIAN_POINT('Origin',(1.5,2.5,0.));
#3244=CARTESIAN_POINT('',(1.075,2.5,0.001));
#3245=CARTESIAN_POINT('',(1.075,2.5,0.));
#3246=CARTESIAN_POINT('',(0.825,2.5,0.001));
#3247=CARTESIAN_POINT('',(0.825,2.5,0.));
#3248=CARTESIAN_POINT('',(0.425,2.5,0.001));
#3249=CARTESIAN_POINT('',(1.0625,2.5,0.001));
#3250=CARTESIAN_POINT('',(0.425,2.5,0.25));
#3251=CARTESIAN_POINT('',(0.425,2.5,0.));
#3252=CARTESIAN_POINT('',(0.175,2.5,0.25));
#3253=CARTESIAN_POINT('',(0.9,2.5,0.25));
#3254=CARTESIAN_POINT('',(0.175,2.5,0.001));
#3255=CARTESIAN_POINT('',(0.175,2.5,0.));
#3256=CARTESIAN_POINT('',(-0.125,2.5,0.001));
#3257=CARTESIAN_POINT('',(0.7625,2.5,0.001));
#3258=CARTESIAN_POINT('',(-0.125,2.5,0.25));
#3259=CARTESIAN_POINT('',(-0.125,2.5,0.));
#3260=CARTESIAN_POINT('',(-0.375,2.5,0.25));
#3261=CARTESIAN_POINT('',(0.625,2.5,0.25));
#3262=CARTESIAN_POINT('',(-0.375,2.5,0.001));
#3263=CARTESIAN_POINT('',(-0.375,2.5,0.));
#3264=CARTESIAN_POINT('',(-0.775,2.5,0.001));
#3265=CARTESIAN_POINT('',(0.4625,2.5,0.001));
#3266=CARTESIAN_POINT('',(-0.775,2.5,0.25));
#3267=CARTESIAN_POINT('',(-0.775,2.5,0.));
#3268=CARTESIAN_POINT('',(-1.025,2.5,0.25));
#3269=CARTESIAN_POINT('',(0.3,2.5,0.25));
#3270=CARTESIAN_POINT('',(-1.025,2.5,0.001));
#3271=CARTESIAN_POINT('',(-1.025,2.5,0.));
#3272=CARTESIAN_POINT('',(0.11875,2.5,0.001));
#3273=CARTESIAN_POINT('',(-1.5,2.5,0.6));
#3274=CARTESIAN_POINT('',(1.39375,2.5,0.001));
#3275=CARTESIAN_POINT('Origin',(-0.775,2.51,0.));
#3276=CARTESIAN_POINT('',(-0.775,2.51,0.));
#3277=CARTESIAN_POINT('',(-1.025,2.51,0.));
#3278=CARTESIAN_POINT('',(-0.775,2.51,0.));
#3279=CARTESIAN_POINT('',(-1.025,2.51,0.25));
#3280=CARTESIAN_POINT('',(-1.025,2.51,0.));
#3281=CARTESIAN_POINT('',(-0.775,2.51,0.25));
#3282=CARTESIAN_POINT('',(-0.775,2.51,0.25));
#3283=CARTESIAN_POINT('',(-0.775,2.51,0.));
#3284=CARTESIAN_POINT('Origin',(-0.9,2.505,0.25));
#3285=CARTESIAN_POINT('',(-1.025,2.51,0.25));
#3286=CARTESIAN_POINT('',(-0.775,2.35,0.25));
#3287=CARTESIAN_POINT('Origin',(1.51,2.,0.));
#3288=CARTESIAN_POINT('',(1.51,2.,0.));
#3289=CARTESIAN_POINT('',(1.51,2.35,0.));
#3290=CARTESIAN_POINT('',(1.51,2.,0.));
#3291=CARTESIAN_POINT('',(1.51,2.35,0.25));
#3292=CARTESIAN_POINT('',(1.51,2.35,0.));
#3293=CARTESIAN_POINT('',(1.51,2.,0.25));
#3294=CARTESIAN_POINT('',(1.51,2.,0.25));
#3295=CARTESIAN_POINT('',(1.51,2.,0.));
#3296=CARTESIAN_POINT('Origin',(1.505,2.175,0.25));
#3297=CARTESIAN_POINT('',(1.51,2.35,0.25));
#3298=CARTESIAN_POINT('',(-1.51,2.,0.25));
#3299=CARTESIAN_POINT('Origin',(-1.51,1.4,0.));
#3300=CARTESIAN_POINT('',(-1.51,1.4,0.));
#3301=CARTESIAN_POINT('',(-1.51,1.15,0.));
#3302=CARTESIAN_POINT('',(-1.51,1.4,0.));
#3303=CARTESIAN_POINT('',(-1.51,1.15,0.25));
#3304=CARTESIAN_POINT('',(-1.51,1.15,0.));
#3305=CARTESIAN_POINT('',(-1.51,1.4,0.25));
#3306=CARTESIAN_POINT('',(-1.51,1.4,0.25));
#3307=CARTESIAN_POINT('',(-1.51,1.4,0.));
#3308=CARTESIAN_POINT('Origin',(-1.505,1.275,0.25));
#3309=CARTESIAN_POINT('',(1.51,1.4,0.25));
#3310=CARTESIAN_POINT('',(-1.51,1.15,0.25));
#3311=CARTESIAN_POINT('Origin',(-1.51,-2.,0.));
#3312=CARTESIAN_POINT('',(-1.51,-2.35,0.25));
#3313=CARTESIAN_POINT('',(-1.51,-2.35,0.));
#3314=CARTESIAN_POINT('',(-1.51,-2.,0.25));
#3315=CARTESIAN_POINT('',(-1.51,-2.35,0.25));
#3316=CARTESIAN_POINT('',(-1.51,-2.,0.));
#3317=CARTESIAN_POINT('Origin',(-1.505,-2.175,0.25));
#3318=CARTESIAN_POINT('',(-1.025,-2.35,0.25));
#3319=CARTESIAN_POINT('',(-1.51,-2.,0.25));
#3320=CARTESIAN_POINT('Origin',(0.825,-2.51,0.));
#3321=CARTESIAN_POINT('',(1.075,-2.51,0.));
#3322=CARTESIAN_POINT('',(0.825,-2.51,0.));
#3323=CARTESIAN_POINT('',(1.075,-2.51,0.));
#3324=CARTESIAN_POINT('',(1.075,-2.51,0.25));
#3325=CARTESIAN_POINT('',(1.075,-2.51,0.));
#3326=CARTESIAN_POINT('',(0.825,-2.51,0.25));
#3327=CARTESIAN_POINT('',(1.075,-2.51,0.25));
#3328=CARTESIAN_POINT('',(0.825,-2.51,0.));
#3329=CARTESIAN_POINT('Origin',(0.95,-2.505,0.25));
#3330=CARTESIAN_POINT('',(1.075,-2.35,0.25));
#3331=CARTESIAN_POINT('',(0.825,-2.51,0.25));
#3332=CARTESIAN_POINT('Origin',(1.51,-1.4,0.));
#3333=CARTESIAN_POINT('',(1.51,-1.4,0.));
#3334=CARTESIAN_POINT('',(1.51,-1.15,0.));
#3335=CARTESIAN_POINT('',(1.51,-1.4,0.));
#3336=CARTESIAN_POINT('',(1.51,-1.15,0.25));
#3337=CARTESIAN_POINT('',(1.51,-1.15,0.));
#3338=CARTESIAN_POINT('',(1.51,-1.4,0.25));
#3339=CARTESIAN_POINT('',(1.51,-1.4,0.25));
#3340=CARTESIAN_POINT('',(1.51,-1.4,0.));
#3341=CARTESIAN_POINT('Origin',(1.505,-1.275,0.25));
#3342=CARTESIAN_POINT('',(-1.51,-1.4,0.25));
#3343=CARTESIAN_POINT('',(1.51,-1.15,0.25));
#3344=CARTESIAN_POINT('Origin',(-0.375,-2.51,0.));
#3345=CARTESIAN_POINT('',(-0.125,-2.51,0.));
#3346=CARTESIAN_POINT('',(-0.375,-2.51,0.));
#3347=CARTESIAN_POINT('',(-0.125,-2.51,0.));
#3348=CARTESIAN_POINT('',(-0.125,-2.51,0.25));
#3349=CARTESIAN_POINT('',(-0.125,-2.51,0.));
#3350=CARTESIAN_POINT('',(-0.375,-2.51,0.25));
#3351=CARTESIAN_POINT('',(-0.125,-2.51,0.25));
#3352=CARTESIAN_POINT('',(-0.375,-2.51,0.));
#3353=CARTESIAN_POINT('Origin',(-0.25,-2.505,0.25));
#3354=CARTESIAN_POINT('',(-0.125,-2.35,0.25));
#3355=CARTESIAN_POINT('',(-0.375,-2.51,0.25));
#3356=CARTESIAN_POINT('Origin',(-1.51,-0.3,0.));
#3357=CARTESIAN_POINT('',(-1.51,-0.3,0.));
#3358=CARTESIAN_POINT('',(-1.51,-0.55,0.));
#3359=CARTESIAN_POINT('',(-1.51,-0.3,0.));
#3360=CARTESIAN_POINT('',(-1.51,-0.55,0.25));
#3361=CARTESIAN_POINT('',(-1.51,-0.55,0.));
#3362=CARTESIAN_POINT('',(-1.51,-0.3,0.25));
#3363=CARTESIAN_POINT('',(-1.51,-0.3,0.25));
#3364=CARTESIAN_POINT('',(-1.51,-0.3,0.));
#3365=CARTESIAN_POINT('Origin',(-1.505,-0.425,0.25));
#3366=CARTESIAN_POINT('',(1.51,-0.3,0.25));
#3367=CARTESIAN_POINT('',(-1.51,-0.55,0.25));
#3368=CARTESIAN_POINT('Origin',(1.51,0.3,0.));
#3369=CARTESIAN_POINT('',(1.51,0.3,0.));
#3370=CARTESIAN_POINT('',(1.51,0.55,0.));
#3371=CARTESIAN_POINT('',(1.51,0.3,0.));
#3372=CARTESIAN_POINT('',(1.51,0.55,0.25));
#3373=CARTESIAN_POINT('',(1.51,0.55,0.));
#3374=CARTESIAN_POINT('',(1.51,0.3,0.25));
#3375=CARTESIAN_POINT('',(1.51,0.3,0.25));
#3376=CARTESIAN_POINT('',(1.51,0.3,0.));
#3377=CARTESIAN_POINT('Origin',(1.505,0.425,0.25));
#3378=CARTESIAN_POINT('',(1.51,0.55,0.25));
#3379=CARTESIAN_POINT('',(-1.51,0.3,0.25));
#3380=CARTESIAN_POINT('Origin',(0.425,2.51,0.));
#3381=CARTESIAN_POINT('',(0.425,2.51,0.));
#3382=CARTESIAN_POINT('',(0.175,2.51,0.));
#3383=CARTESIAN_POINT('',(0.425,2.51,0.));
#3384=CARTESIAN_POINT('',(0.175,2.51,0.25));
#3385=CARTESIAN_POINT('',(0.175,2.51,0.));
#3386=CARTESIAN_POINT('',(0.425,2.51,0.25));
#3387=CARTESIAN_POINT('',(0.425,2.51,0.25));
#3388=CARTESIAN_POINT('',(0.425,2.51,0.));
#3389=CARTESIAN_POINT('Origin',(0.3,2.505,0.25));
#3390=CARTESIAN_POINT('',(0.175,2.51,0.25));
#3391=CARTESIAN_POINT('',(0.425,2.35,0.25));
#3392=CARTESIAN_POINT('Origin',(-0.125,2.51,0.));
#3393=CARTESIAN_POINT('',(-0.125,2.51,0.));
#3394=CARTESIAN_POINT('',(-0.375,2.51,0.));
#3395=CARTESIAN_POINT('',(-0.125,2.51,0.));
#3396=CARTESIAN_POINT('',(-0.375,2.51,0.25));
#3397=CARTESIAN_POINT('',(-0.375,2.51,0.));
#3398=CARTESIAN_POINT('',(-0.125,2.51,0.25));
#3399=CARTESIAN_POINT('',(-0.125,2.51,0.25));
#3400=CARTESIAN_POINT('',(-0.125,2.51,0.));
#3401=CARTESIAN_POINT('Origin',(-0.25,2.505,0.25));
#3402=CARTESIAN_POINT('',(-0.375,2.35,0.25));
#3403=CARTESIAN_POINT('',(-0.125,2.35,0.25));
#3404=CARTESIAN_POINT('Origin',(1.51,1.15,0.));
#3405=CARTESIAN_POINT('',(1.51,1.15,0.));
#3406=CARTESIAN_POINT('',(1.51,1.4,0.));
#3407=CARTESIAN_POINT('',(1.51,1.15,0.));
#3408=CARTESIAN_POINT('',(1.51,1.4,0.25));
#3409=CARTESIAN_POINT('',(1.51,1.4,0.));
#3410=CARTESIAN_POINT('',(1.51,1.15,0.25));
#3411=CARTESIAN_POINT('',(1.51,1.15,0.25));
#3412=CARTESIAN_POINT('',(1.51,1.15,0.));
#3413=CARTESIAN_POINT('Origin',(1.505,1.275,0.25));
#3414=CARTESIAN_POINT('',(1.51,1.4,0.25));
#3415=CARTESIAN_POINT('',(-1.51,1.15,0.25));
#3416=CARTESIAN_POINT('Origin',(-1.51,0.55,0.));
#3417=CARTESIAN_POINT('',(-1.51,0.55,0.));
#3418=CARTESIAN_POINT('',(-1.51,0.3,0.));
#3419=CARTESIAN_POINT('',(-1.51,0.55,0.));
#3420=CARTESIAN_POINT('',(-1.51,0.3,0.25));
#3421=CARTESIAN_POINT('',(-1.51,0.3,0.));
#3422=CARTESIAN_POINT('',(-1.51,0.55,0.25));
#3423=CARTESIAN_POINT('',(-1.51,0.55,0.25));
#3424=CARTESIAN_POINT('',(-1.51,0.55,0.));
#3425=CARTESIAN_POINT('Origin',(-1.505,0.425,0.25));
#3426=CARTESIAN_POINT('',(1.51,0.55,0.25));
#3427=CARTESIAN_POINT('',(-1.51,0.3,0.25));
#3428=CARTESIAN_POINT('Origin',(-1.025,-2.51,0.));
#3429=CARTESIAN_POINT('',(-0.775,-2.51,0.25));
#3430=CARTESIAN_POINT('',(-0.775,-2.51,0.));
#3431=CARTESIAN_POINT('',(-1.025,-2.51,0.25));
#3432=CARTESIAN_POINT('',(-0.775,-2.51,0.25));
#3433=CARTESIAN_POINT('',(-1.025,-2.51,0.));
#3434=CARTESIAN_POINT('Origin',(-0.9,-2.505,0.25));
#3435=CARTESIAN_POINT('',(-0.775,-2.35,0.25));
#3436=CARTESIAN_POINT('',(-1.025,-2.51,0.25));
#3437=CARTESIAN_POINT('Origin',(1.51,-2.35,0.));
#3438=CARTESIAN_POINT('',(1.51,-2.,0.));
#3439=CARTESIAN_POINT('',(1.51,-2.35,0.));
#3440=CARTESIAN_POINT('',(1.51,-2.,0.));
#3441=CARTESIAN_POINT('',(1.51,-2.,0.25));
#3442=CARTESIAN_POINT('',(1.51,-2.,0.));
#3443=CARTESIAN_POINT('',(1.51,-2.35,0.25));
#3444=CARTESIAN_POINT('',(1.51,-2.,0.25));
#3445=CARTESIAN_POINT('',(1.51,-2.35,0.));
#3446=CARTESIAN_POINT('Origin',(1.505,-2.175,0.25));
#3447=CARTESIAN_POINT('',(-0.374999999999997,-2.,0.25));
#3448=CARTESIAN_POINT('',(1.51,-2.35,0.25));
#3449=CARTESIAN_POINT('Origin',(0.175,2.35,0.));
#3450=CARTESIAN_POINT('',(0.175,2.35,0.));
#3451=CARTESIAN_POINT('',(0.175,2.51,0.));
#3452=CARTESIAN_POINT('',(0.175,2.35,0.001));
#3453=CARTESIAN_POINT('',(0.175,2.35,0.));
#3454=CARTESIAN_POINT('',(0.175,2.51,0.001));
#3455=CARTESIAN_POINT('Origin',(-0.125,2.35,0.));
#3456=CARTESIAN_POINT('',(-0.125,2.35,0.));
#3457=CARTESIAN_POINT('',(-0.0624999999999998,2.35,0.));
#3458=CARTESIAN_POINT('',(-0.125,2.35,0.001));
#3459=CARTESIAN_POINT('',(-0.125,2.35,0.));
#3460=CARTESIAN_POINT('',(0.175,2.35,0.001));
#3461=CARTESIAN_POINT('Origin',(-0.125,2.5,0.));
#3462=CARTESIAN_POINT('',(-0.125,2.35,0.));
#3463=CARTESIAN_POINT('',(-0.125,2.35,0.001));
#3464=CARTESIAN_POINT('Origin',(0.0250000000000004,2.425,0.001));
#3465=CARTESIAN_POINT('Origin',(1.075,-2.35,0.));
#3466=CARTESIAN_POINT('',(1.075,-2.35,0.));
#3467=CARTESIAN_POINT('',(1.075,-2.35,0.));
#3468=CARTESIAN_POINT('',(1.075,-2.35,0.001));
#3469=CARTESIAN_POINT('',(1.075,-2.35,0.));
#3470=CARTESIAN_POINT('',(1.075,-2.35,0.001));
#3471=CARTESIAN_POINT('Origin',(1.5,-2.35,0.));
#3472=CARTESIAN_POINT('',(1.51,-2.35,0.));
#3473=CARTESIAN_POINT('',(1.51,-2.35,0.001));
#3474=CARTESIAN_POINT('Origin',(1.2875,-2.425,0.001));
#3475=CARTESIAN_POINT('Origin',(1.5,-1.4,0.));
#3476=CARTESIAN_POINT('',(-1.51,-1.4,0.));
#3477=CARTESIAN_POINT('',(-1.51,-1.4,0.001));
#3478=CARTESIAN_POINT('Origin',(-0.374999999999997,-2.,0.));
#3479=CARTESIAN_POINT('',(-0.374999999999997,-2.,0.));
#3480=CARTESIAN_POINT('',(-0.374999999999997,-2.,0.));
#3481=CARTESIAN_POINT('',(-0.374999999999997,-2.,0.001));
#3482=CARTESIAN_POINT('',(-0.374999999999997,-2.,0.));
#3483=CARTESIAN_POINT('',(-0.374999999999997,-2.,0.001));
#3484=CARTESIAN_POINT('Origin',(-0.375,-2.5,0.));
#3485=CARTESIAN_POINT('',(-0.374999999999993,-1.25,0.));
#3486=CARTESIAN_POINT('',(-0.375,-2.51,0.001));
#3487=CARTESIAN_POINT('Origin',(-0.775,-2.35,0.));
#3488=CARTESIAN_POINT('',(-0.775,-2.35,0.001));
#3489=CARTESIAN_POINT('',(-0.775,-2.35,0.));
#3490=CARTESIAN_POINT('',(-0.775,-2.35,0.001));
#3491=CARTESIAN_POINT('Origin',(-0.765000000000001,-2.35,0.));
#3492=CARTESIAN_POINT('',(-0.765000000000001,-2.35,0.001));
#3493=CARTESIAN_POINT('Origin',(-1.5,-2.,0.));
#3494=CARTESIAN_POINT('',(-1.51,-2.,0.001));
#3495=CARTESIAN_POINT('Origin',(0.,-1.95,0.001));
#3496=CARTESIAN_POINT('Origin',(1.5,0.3,0.));
#3497=CARTESIAN_POINT('',(-1.51,0.3,0.));
#3498=CARTESIAN_POINT('',(-1.51,0.3,0.001));
#3499=CARTESIAN_POINT('Origin',(-1.5,-0.3,0.));
#3500=CARTESIAN_POINT('',(1.51,-0.3,0.));
#3501=CARTESIAN_POINT('',(1.51,-0.3,0.001));
#3502=CARTESIAN_POINT('Origin',(0.,0.,0.001));
#3503=CARTESIAN_POINT('Origin',(-1.025,-2.35,0.));
#3504=CARTESIAN_POINT('',(-1.025,-2.35,0.001));
#3505=CARTESIAN_POINT('',(-1.025,-2.35,0.));
#3506=CARTESIAN_POINT('',(-1.025,-2.35,0.001));
#3507=CARTESIAN_POINT('Origin',(-1.025,-2.5,0.));
#3508=CARTESIAN_POINT('',(-1.025,-2.51,0.001));
#3509=CARTESIAN_POINT('Origin',(-1.2625,-2.425,0.001));
#3510=CARTESIAN_POINT('Origin',(1.5,2.,0.));
#3511=CARTESIAN_POINT('',(-1.51,2.,0.));
#3512=CARTESIAN_POINT('',(-1.51,2.,0.001));
#3513=CARTESIAN_POINT('Origin',(-1.5,1.4,0.));
#3514=CARTESIAN_POINT('',(1.51,1.4,0.));
#3515=CARTESIAN_POINT('',(1.51,1.4,0.001));
#3516=CARTESIAN_POINT('Origin',(0.,1.7,0.001));
#3517=CARTESIAN_POINT('Origin',(-0.375,2.35,0.));
#3518=CARTESIAN_POINT('',(-0.375,2.35,0.));
#3519=CARTESIAN_POINT('',(-0.375,2.35,0.));
#3520=CARTESIAN_POINT('',(-0.375,2.35,0.001));
#3521=CARTESIAN_POINT('',(-0.375,2.35,0.));
#3522=CARTESIAN_POINT('',(-0.375,2.35,0.001));
#3523=CARTESIAN_POINT('Origin',(-0.775,2.35,0.));
#3524=CARTESIAN_POINT('',(-0.775,2.35,0.));
#3525=CARTESIAN_POINT('',(-0.3875,2.35,0.));
#3526=CARTESIAN_POINT('',(-0.775,2.35,0.001));
#3527=CARTESIAN_POINT('',(-0.775,2.35,0.));
#3528=CARTESIAN_POINT('',(-0.775,2.35,0.001));
#3529=CARTESIAN_POINT('Origin',(-0.775,2.5,0.));
#3530=CARTESIAN_POINT('',(-0.775,1.25,0.));
#3531=CARTESIAN_POINT('',(-0.775,2.35,0.001));
#3532=CARTESIAN_POINT('Origin',(-0.575,2.425,0.001));
#3533=CARTESIAN_POINT('Origin',(0.825,2.35,0.));
#3534=CARTESIAN_POINT('',(0.825,2.35,0.));
#3535=CARTESIAN_POINT('',(0.825,2.51,0.));
#3536=CARTESIAN_POINT('',(0.825,2.35,0.001));
#3537=CARTESIAN_POINT('',(0.825,2.35,0.));
#3538=CARTESIAN_POINT('',(0.825,2.51,0.001));
#3539=CARTESIAN_POINT('Origin',(0.425,2.35,0.));
#3540=CARTESIAN_POINT('',(0.425,2.35,0.));
#3541=CARTESIAN_POINT('',(0.2125,2.35,0.));
#3542=CARTESIAN_POINT('',(0.425,2.35,0.001));
#3543=CARTESIAN_POINT('',(0.425,2.35,0.));
#3544=CARTESIAN_POINT('',(0.825,2.35,0.001));
#3545=CARTESIAN_POINT('Origin',(0.425,2.5,0.));
#3546=CARTESIAN_POINT('',(0.425,1.25,0.));
#3547=CARTESIAN_POINT('',(0.425,2.35,0.001));
#3548=CARTESIAN_POINT('Origin',(0.625,2.425,0.001));
#3549=CARTESIAN_POINT('Origin',(0.425,-2.35,0.));
#3550=CARTESIAN_POINT('',(0.425,-2.35,0.));
#3551=CARTESIAN_POINT('',(0.425,-2.35,0.));
#3552=CARTESIAN_POINT('',(0.425,-2.35,0.001));
#3553=CARTESIAN_POINT('',(0.425,-2.35,0.));
#3554=CARTESIAN_POINT('',(0.425,-2.35,0.001));
#3555=CARTESIAN_POINT('Origin',(0.825,-2.35,0.));
#3556=CARTESIAN_POINT('',(0.825,-2.35,0.));
#3557=CARTESIAN_POINT('',(0.4125,-2.35,0.));
#3558=CARTESIAN_POINT('',(0.825,-2.35,0.001));
#3559=CARTESIAN_POINT('',(0.825,-2.35,0.));
#3560=CARTESIAN_POINT('',(0.825,-2.35,0.001));
#3561=CARTESIAN_POINT('Origin',(0.825,-2.5,0.));
#3562=CARTESIAN_POINT('',(0.825,-2.51,0.));
#3563=CARTESIAN_POINT('',(0.825,-2.51,0.001));
#3564=CARTESIAN_POINT('Origin',(0.625,-2.425,0.001));
#3565=CARTESIAN_POINT('Origin',(1.5,1.15,0.));
#3566=CARTESIAN_POINT('',(-1.51,1.15,0.));
#3567=CARTESIAN_POINT('',(-1.51,1.15,0.001));
#3568=CARTESIAN_POINT('Origin',(-1.5,0.55,0.));
#3569=CARTESIAN_POINT('',(1.51,0.55,0.));
#3570=CARTESIAN_POINT('',(1.51,0.55,0.001));
#3571=CARTESIAN_POINT('Origin',(0.,0.85,0.001));
#3572=CARTESIAN_POINT('Origin',(1.5,-0.55,0.));
#3573=CARTESIAN_POINT('',(-1.51,-0.55,0.));
#3574=CARTESIAN_POINT('',(-1.51,-0.55,0.001));
#3575=CARTESIAN_POINT('Origin',(-1.5,-1.15,0.));
#3576=CARTESIAN_POINT('',(1.51,-1.15,0.));
#3577=CARTESIAN_POINT('',(1.51,-1.15,0.001));
#3578=CARTESIAN_POINT('Origin',(0.,-0.85,0.001));
#3579=CARTESIAN_POINT('Origin',(-0.125,-2.35,0.));
#3580=CARTESIAN_POINT('',(-0.125,-2.35,0.));
#3581=CARTESIAN_POINT('',(-0.125,-2.35,0.));
#3582=CARTESIAN_POINT('',(-0.125,-2.35,0.001));
#3583=CARTESIAN_POINT('',(-0.125,-2.35,0.));
#3584=CARTESIAN_POINT('',(-0.125,-2.35,0.001));
#3585=CARTESIAN_POINT('Origin',(0.175,-2.35,0.));
#3586=CARTESIAN_POINT('',(0.175,-2.35,0.));
#3587=CARTESIAN_POINT('',(0.0875000000000002,-2.35,0.));
#3588=CARTESIAN_POINT('',(0.175,-2.35,0.001));
#3589=CARTESIAN_POINT('',(0.175,-2.35,0.));
#3590=CARTESIAN_POINT('',(0.175,-2.35,0.001));
#3591=CARTESIAN_POINT('Origin',(0.175,-2.5,0.));
#3592=CARTESIAN_POINT('',(0.175,-2.51,0.));
#3593=CARTESIAN_POINT('',(0.175,-2.51,0.001));
#3594=CARTESIAN_POINT('Origin',(0.0250000000000004,-2.425,0.001));
#3595=CARTESIAN_POINT('Origin',(1.075,2.35,0.));
#3596=CARTESIAN_POINT('',(1.075,2.35,0.));
#3597=CARTESIAN_POINT('',(1.51,2.35,0.));
#3598=CARTESIAN_POINT('',(1.075,2.35,0.001));
#3599=CARTESIAN_POINT('',(1.075,2.35,0.));
#3600=CARTESIAN_POINT('',(1.51,2.35,0.001));
#3601=CARTESIAN_POINT('Origin',(1.075,2.5,0.));
#3602=CARTESIAN_POINT('',(1.075,1.25,0.));
#3603=CARTESIAN_POINT('',(1.075,2.35,0.001));
#3604=CARTESIAN_POINT('Origin',(1.2875,2.425,0.001));
#3605=CARTESIAN_POINT('Origin',(-1.025,2.35,0.));
#3606=CARTESIAN_POINT('',(-1.025,2.35,0.));
#3607=CARTESIAN_POINT('',(-1.025,2.51,0.));
#3608=CARTESIAN_POINT('',(-1.025,2.35,0.001));
#3609=CARTESIAN_POINT('',(-1.025,2.35,0.));
#3610=CARTESIAN_POINT('',(-1.025,2.51,0.001));
#3611=CARTESIAN_POINT('Origin',(-1.5,2.35,0.));
#3612=CARTESIAN_POINT('',(-0.750000000000002,2.35,0.));
#3613=CARTESIAN_POINT('',(-1.025,2.35,0.001));
#3614=CARTESIAN_POINT('Origin',(-1.2625,2.425,0.001));
#3615=CARTESIAN_POINT('Origin',(0.,0.,0.));
#3616=CARTESIAN_POINT('Origin',(0.,0.,0.));
#3617=CARTESIAN_POINT('Origin',(0.,0.,0.));
#3618=CARTESIAN_POINT('Origin',(0.,0.,0.));
#3619=CARTESIAN_POINT('Origin',(0.,0.,0.));
#3620=CARTESIAN_POINT('Origin',(-0.946282608396805,-1.82150583742744,0.7));
#3621=CARTESIAN_POINT('',(-0.755943269490597,-1.82150583742744,0.7));
#3622=CARTESIAN_POINT('Origin',(-0.946282608396805,-1.82150583742744,0.7));
#3623=CARTESIAN_POINT('',(-0.755943269490597,-1.82150583742744,0.699));
#3624=CARTESIAN_POINT('',(-0.755943269490597,-1.82150583742744,0.7));
#3625=CARTESIAN_POINT('Origin',(-0.946282608396805,-1.82150583742744,0.699));
#3626=CARTESIAN_POINT('Origin',(-0.946282608396805,-1.82150583742744,0.699));
#3627=CARTESIAN_POINT('Origin',(-1.3,2.235,0.6));
#3628=CARTESIAN_POINT('',(-1.3,-2.235,0.6));
#3629=CARTESIAN_POINT('',(-1.3,2.235,0.6));
#3630=CARTESIAN_POINT('',(-1.3,1.1175,0.6));
#3631=CARTESIAN_POINT('',(-1.3,-2.235,0.7));
#3632=CARTESIAN_POINT('',(-1.3,-2.235,0.6));
#3633=CARTESIAN_POINT('',(-1.3,2.235,0.7));
#3634=CARTESIAN_POINT('',(-1.3,-2.235,0.7));
#3635=CARTESIAN_POINT('',(-1.3,2.235,0.6));
#3636=CARTESIAN_POINT('Origin',(1.3,2.235,0.6));
#3637=CARTESIAN_POINT('',(1.3,2.235,0.6));
#3638=CARTESIAN_POINT('',(0.65,2.235,0.6));
#3639=CARTESIAN_POINT('',(1.3,2.235,0.7));
#3640=CARTESIAN_POINT('',(-1.3,2.235,0.7));
#3641=CARTESIAN_POINT('',(1.3,2.235,0.6));
#3642=CARTESIAN_POINT('Origin',(1.3,-2.235,0.6));
#3643=CARTESIAN_POINT('',(1.3,-2.235,0.6));
#3644=CARTESIAN_POINT('',(1.3,-1.1175,0.6));
#3645=CARTESIAN_POINT('',(1.3,-2.235,0.7));
#3646=CARTESIAN_POINT('',(1.3,2.235,0.7));
#3647=CARTESIAN_POINT('',(1.3,-2.235,0.6));
#3648=CARTESIAN_POINT('Origin',(-1.3,-2.235,0.6));
#3649=CARTESIAN_POINT('',(-0.65,-2.235,0.6));
#3650=CARTESIAN_POINT('',(1.3,-2.235,0.7));
#3651=CARTESIAN_POINT('Origin',(0.,0.,0.7));
#3652=CARTESIAN_POINT('Origin',(0.,0.,0.6));
#3653=CARTESIAN_POINT('Origin',(0.,0.,0.));
#3654=UNCERTAINTY_MEASURE_WITH_UNIT(LENGTH_MEASURE(0.01),#3658,
'DISTANCE_ACCURACY_VALUE',
'Maximum model space distance between geometric entities at asserted c
onnectivities');
#3655=UNCERTAINTY_MEASURE_WITH_UNIT(LENGTH_MEASURE(0.01),#3658,
'DISTANCE_ACCURACY_VALUE',
'Maximum model space distance between geometric entities at asserted c
onnectivities');
#3656=(
GEOMETRIC_REPRESENTATION_CONTEXT(3)
GLOBAL_UNCERTAINTY_ASSIGNED_CONTEXT((#3654))
GLOBAL_UNIT_ASSIGNED_CONTEXT((#3658,#3660,#3661))
REPRESENTATION_CONTEXT('','3D')
);
#3657=(
GEOMETRIC_REPRESENTATION_CONTEXT(3)
GLOBAL_UNCERTAINTY_ASSIGNED_CONTEXT((#3655))
GLOBAL_UNIT_ASSIGNED_CONTEXT((#3658,#3660,#3661))
REPRESENTATION_CONTEXT('','3D')
);
#3658=(
LENGTH_UNIT()
NAMED_UNIT(*)
SI_UNIT(.MILLI.,.METRE.)
);
#3659=(
LENGTH_UNIT()
NAMED_UNIT(*)
SI_UNIT($,.METRE.)
);
#3660=(
NAMED_UNIT(*)
PLANE_ANGLE_UNIT()
SI_UNIT($,.RADIAN.)
);
#3661=(
NAMED_UNIT(*)
SI_UNIT($,.STERADIAN.)
SOLID_ANGLE_UNIT()
);
#3662=SHAPE_DEFINITION_REPRESENTATION(#3663,#3664);
#3663=PRODUCT_DEFINITION_SHAPE('',$,#3666);
#3664=SHAPE_REPRESENTATION('',(#2334),#3656);
#3665=PRODUCT_DEFINITION_CONTEXT('part definition',#3670,'design');
#3666=PRODUCT_DEFINITION('2026-08-07-04-47-52-516','EPC - EPC2304',#3667,
#3665);
#3667=PRODUCT_DEFINITION_FORMATION('',$,#3672);
#3668=PRODUCT_RELATED_PRODUCT_CATEGORY('EPC - EPC2304','EPC - EPC2304',
(#3672));
#3669=APPLICATION_PROTOCOL_DEFINITION('international standard',
'automotive_design',2009,#3670);
#3670=APPLICATION_CONTEXT(
'Core Data for Automotive Mechanical Design Process');
#3671=PRODUCT_CONTEXT('part definition',#3670,'mechanical');
#3672=PRODUCT('2026-08-07-04-47-52-516','EPC - EPC2304',$,(#3671));
#3673=PRESENTATION_STYLE_ASSIGNMENT((#3677));
#3674=PRESENTATION_STYLE_ASSIGNMENT((#3678));
#3675=PRESENTATION_STYLE_ASSIGNMENT((#3679));
#3676=PRESENTATION_STYLE_ASSIGNMENT((#3680));
#3677=SURFACE_STYLE_USAGE(.BOTH.,#3681);
#3678=SURFACE_STYLE_USAGE(.BOTH.,#3682);
#3679=SURFACE_STYLE_USAGE(.BOTH.,#3683);
#3680=SURFACE_STYLE_USAGE(.BOTH.,#3684);
#3681=SURFACE_SIDE_STYLE('',(#3685));
#3682=SURFACE_SIDE_STYLE('',(#3686));
#3683=SURFACE_SIDE_STYLE('',(#3687));
#3684=SURFACE_SIDE_STYLE('',(#3688));
#3685=SURFACE_STYLE_FILL_AREA(#3689);
#3686=SURFACE_STYLE_FILL_AREA(#3690);
#3687=SURFACE_STYLE_FILL_AREA(#3691);
#3688=SURFACE_STYLE_FILL_AREA(#3692);
#3689=FILL_AREA_STYLE('ABS (White)',(#3693));
#3690=FILL_AREA_STYLE('Tin/Lead',(#3694));
#3691=FILL_AREA_STYLE('Black',(#3695));
#3692=FILL_AREA_STYLE('Acetal Resin (White)',(#3696));
#3693=FILL_AREA_STYLE_COLOUR('ABS (White)',#3697);
#3694=FILL_AREA_STYLE_COLOUR('Tin/Lead',#3698);
#3695=FILL_AREA_STYLE_COLOUR('Black',#3699);
#3696=FILL_AREA_STYLE_COLOUR('Acetal Resin (White)',#3700);
#3697=COLOUR_RGB('ABS (White)',0.964705882352941,0.964705882352941,0.952941176470588);
#3698=COLOUR_RGB('Tin/Lead',0.8,0.807843137254902,0.8);
#3699=COLOUR_RGB('Black',0.101960784313725,0.101960784313725,0.101960784313725);
#3700=COLOUR_RGB('Acetal Resin (White)',0.866666666666667,0.854901960784314,
0.807843137254902);
ENDSEC;
END-ISO-10303-21;
